Title,Description,Pdf Link
Exporting Canadian Screen-based Productions in a Global Market,Trends  Opportunities and Future Directions (July 2021),https://cmpa.ca/wp-content/uploads/2021/08/Communications-MDR-FINAL-CMPA-Export-Study-July-28-2021-withcover.pdf
Export readiness assessment,NA,https://cmpa.ca/wp-content/uploads/2020/05/cmpa_-_1-_export_readiness_assessment-1.pdf
CMPA submission – Broadcasting Notice of Consultation CRTC 2019-379 Renewal of the licences relating  to the Canadian Broadcasting Corporation’s  English-language audio-visual services,Filed February 20  2020,https://cmpa.ca/wp-content/uploads/2020/02/BNC-2019-379-CMPA-Intervention.pdf
Case Study – Economic Impacts of Indian Horse,Prepared for the Canadian Media Producers Association (CMPA) with financial support from Telefilm Canada,https://cmpa.ca/wp-content/uploads/2019/05/CMPA-Economic-Impacts-of-Indian-Horse-Final-Report-1.pdf
Case Study – Economic Impacts of The Hummingbird Project,Prepared for the Canadian Media Producers Association (CMPA) with financial support from Telefilm Canada,https://cmpa.ca/wp-content/uploads/2019/04/CMPA-The-Hummingbird-Project-Economic-Impacts-Report1.pdf
Profile 2018,An annual economic report on the screen-based production industry in Canada (March 2019),https://cmpa.ca/wp-content/uploads/2019/04/CMPA_2018_ENG_J20_ONLINE.pdf
Indiescreen Winter 2019,Winter 2019 issue of Indiescreen magazine,https://cmpa.ca/wp-content/uploads/2019/02/CMPA-Indiescreen_Winter2019-1.pdf
Modelling a new broadcasting distribution system financial contribution framework for Canadian audiovisual content,Prepared for the Canadian Media Producers Association (CMPA) in partnership with: Alliance of Canadian Cinema  Television and Radio Artists (ACTRA); Association québécoise de la production médiatique (AQPM); and Directors Guild of Canada (DGC).,https://cmpa.ca/wp-content/uploads/2019/01/Appendix-D-PwC_Modelling-a-new-Contribution-Framework_07-01-2019-1.pdf
The impact of Terms of Trade on the UK’s television content production sector,A report for the Canadian Media Producers Association (CMPA) by Oliver & Ohlbaum,https://cmpa.ca/wp-content/uploads/2019/01/Appendix-C-Oliver-Ohlbaum-Associates-2018-The-impact-of-the-UK-te...-1.pdf
Buyer Power in Canadian TV: An Examination of the Domestic Market Structure for the Purchase and Sale of Canadian-produced English Language TV Programming,Prepared by Wall Communications Inc. for the Canadian Media Producers Association,https://cmpa.ca/wp-content/uploads/2019/01/Appendix-A-Wall-Communications-2018-Buyer-Power-in-Canadian-TV-1.pdf
Broadcasting and Telecommunications Legislative Review Panel  Responding to the New Environment: A Call for Comments,Submitted on January 11  2019,https://cmpa.ca/wp-content/uploads/2019/01/CMPA-Yale-Panel-Submission.pdf
Admin fee remittance form,For national productions (outside of BC)  use this form for submitting remittance fees for all guilds  except ACTRA-TIP and permit fees. Should you have any questions regarding remittances  email us at finance@cmpa.ca.,https://cmpa.ca/wp-content/uploads/2019/01/CMPA-Admin-Fee-Remittance-Form-as-of-January-2019.xlsx
Case Study – Economic Impacts of Frontier,Prepared for the Canadian Media Producers Association (CMPA),https://cmpa.ca/wp-content/uploads/2018/12/MNP-2018-Economic-Impacts-of-Frontier-Report.pdf
Case Study – Economic Impacts of Mr. D,Prepared for the Canadian Media Producers Association with financial support from Screen Nova Scotia (November 2018),https://cmpa.ca/wp-content/uploads/2018/11/CMPA_Economic-Impacts-of-Mr.D_Case-Study-Report1.pdf
CMPA’s Comments re: the Reconsideration of the English-language Group Licence Renewal Applications,Filed on January 23  2018,https://cmpa.ca/wp-content/uploads/2018/05/2018-01-23-CMPA-Comments-GLR-Reconsideration-final.pdf
Case Study – Economic Impacts of Maudie,Prepared for the Canadian Media Producers Association with financial support from Telefilm Canada (March 2018),https://cmpa.ca/wp-content/uploads/2018/04/CMPA-Maudie-Economic-Impact-Study-Report-Infographic.pdf
Case Study – Economic Impacts of Pyewacket,Prepared for the Canadian Media Producers Association with financial support from Telefilm Canada (December 2017),https://cmpa.ca/wp-content/uploads/2018/04/MNP-2017-Economic-Impacts-of-Pyewacket-Report-Dec-2017.pdf
Case Study – Economic Impacts of Mohawk Girls,The Canadian Media Producers Association in partnership with The Quebec English-Language Production Council (November 2017),https://cmpa.ca/wp-content/uploads/2018/04/MNP-2017-Economic-Impacts-of-Mohawk-Girls-Report-Nov-2017.pdf
Case Study – Economic Impacts of Heartland,Prepared for the Canadian Media Producers Association (October 2017),https://cmpa.ca/wp-content/uploads/2018/04/MNP-2017-Economic-Impacts-of-Heartland-Report-Oct-2017.pdf
Case Study – Economic Impacts of Republic of Doyle,Prepared for the Canadian Media Producers Association (November 2016),https://cmpa.ca/wp-content/uploads/2018/04/MNP-2016-Economic-Impacts-of-Republic-of-Doyle-Report-Nov-2016.pdf
Case Study – Economic Impacts of Murdoch Mysteries,Prepared for the Canadian Media Producers Association (November 2016),https://cmpa.ca/wp-content/uploads/2018/04/MNP-2016-Economic-Impacts-of-Murdoch-Mysteries-Report-Nov-2016.pdf
Case Study – Economic Impacts of Born to Be Blue,Prepared for the Canadian Media Producers Association (October 2016),https://cmpa.ca/wp-content/uploads/2018/04/MNP-2016-Economic-Impacts-of-Born-to-Be-Blue-Report-Oct-2016.pdf
British Columbia & Yukon Council of Film Unions Master Agreement,The British Columbia & Yukon Council of Film Unions Master Agreement establishes the terms  conditions and rates for labour technicians from IATSE 891 (technical crew including grip  props  construction  transportation  set decorating  hair  makeup and wardrobe)  IATSE 669 (camera and publicity crew) and Teamsters 155 (including transportation and catering). This agreement is jointly negotiated by the CMPA and the Canadian Affiliates of the Alliance of Motion Picture and Television Producers (AMPTP).,https://cmpa.ca/wp-content/uploads/2018/04/2018-2021-BCCFU-Master-Agreement-Official-Version.pdf
Canadian Content in a Digital World,CMPA subsmission to the Department of Canadian Heritage (November 2016),https://cmpa.ca/wp-content/uploads/2018/04/CMPA_Submission-CanadianContentInADigitalWorld-ONLINE.pdf
Indiescreen Winter 2016,Winter 2016 issue of Indiescreen magazine,https://cmpa.ca/wp-content/uploads/2018/04/Indiescreen-Winter-2016.pdf
Indiescreen Fall 2016,Fall 2016 issues of Indiescreen magazine,https://cmpa.ca/wp-content/uploads/2018/04/Indiescreen-Fall-2016.pdf
Indiescreen Winter 2017,Winter 2017 issues of Indiescreen magazine,https://cmpa.ca/wp-content/uploads/2018/04/Indiescreen-Winter-2017.pdf
Indiescreen Fall 2017,Fall 2017 issue of Indiescreen magazine,https://cmpa.ca/wp-content/uploads/2018/04/Indiescreen-Fall-2017.pdf
CFTPA written submission to the Government of Canada in response to Improving Canada’s Digital Advantage Strategies for Sustainable Prosperity – Consultation Paper on a Digital Economy Strategy for Canada,Filed on July 13  2010,https://cmpa.ca/wp-content/uploads/2018/02/CFTPA_Submission_Re_National_Digital_Economy_Strategy_Consultation1.pdf
CFTPA written submission to the Government of Canada Pursuant to Opening Canada’s Doors to Foreign Investment,Filed on July 30  2010,https://cmpa.ca/wp-content/uploads/2018/02/Submission_Re_Foreign_Investment_in_Telecommunications_Consultation1.pdf
Submission by the Canadian Media Production Association (CMPA) to the Department of Canadian Heritage With respect to the Consultation on the implementation of Canada’s Policy on Audiovisual Treaty Coproduction,Filed on March 24  2011,https://cmpa.ca/wp-content/uploads/2018/02/2011-03-24-CMPA_copro_submission1.pdf
CFTPA Submission to the Standing Committee on Finance With Respect to the 2010 Pre-Budget Consultations,Filed on August 13  2010,https://cmpa.ca/wp-content/uploads/2018/02/201020Pre-budget20Consultations20-20201020August201320-20FINAL1.pdf
CMPA Submission to the Standing Committee on Finance With Respect to the 2011 Pre-Budget Consultations,Filed on August 12  2011,https://cmpa.ca/wp-content/uploads/2018/02/2011-08-12-CMPA20Submission20to20SC20on20Finance20Re20Pre-Budget20Consultations20201120FINAL1.pdf
Opening Remarks by the CMPA To Standing Senate Committee on Transport and Communications  Pursuant to the Study to examine the challenges faced by the Canadian Broadcasting Corporation in relation to the changing environment of broadcasting and communications,Filed on January 29  2014,https://cmpa.ca/wp-content/uploads/2018/02/2014-01-29-Senate-study-CBC1.pdf
CMPA Presentation to Standing Committee on Finance With Respect to the 2015 Pre-Budget Consultations,Filed on November 17  2014,https://cmpa.ca/wp-content/uploads/2018/02/Michael20Hennessy20Remarks20Nov202014-20English20-20Standing20Cmt20Finance1.pdf
Canadian Content in a Digital World: Submission to the Department of Canadian Heritage,Filed on November 25  2016,https://cmpa.ca/wp-content/uploads/2018/02/CMPA_Submission-CanadianContentInADigitalWorld-ONLINE-hty41.pdf
Petition to the Governor In Council Pursuant to s. 28(1) of the Broadcasting Act,Filed on June 28  2017,https://cmpa.ca/wp-content/uploads/2018/02/2017-06-2820Petition20to20GIC20GLR20incl20Appendices20A2020B1.pdf
CMPA intervention concerning Broadcasting Notice of Consultation CRTC 2010-926 – Application by BCE Inc. (BCE)  on behalf of CTVglobemedia Inc. (CTVgm) and its licensed broadcasting subsidiaries  for authority to change the effective control of CTVgm’s broadcasting entities to BCE (Application No. 2010-1506-6),Appendix II  January 11  2011,https://cmpa.ca/wp-content/uploads/2018/02/2011.01.11CMPA20Intervention20re20BNOC20CRTC202010-926_BCE-CTVgm1-1.pdf
CMPA intervention concerning Broadcasting Notice of Consultation CRTC 2010-926 – Application by BCE Inc. (BCE)  on behalf of CTVglobemedia Inc. (CTVgm) and its licensed broadcasting subsidiaries  for authority to change the effective control of CTVgm’s broadcasting entities to BCE (Application No. 2010-1506-6),Appendix I  filed on January 11  2011,https://cmpa.ca/wp-content/uploads/2018/02/2011.01.11.CMPA20Intervention20re20BNOC20CRTC202010-926_BCE-CTVgm_Appendix2011.pdf
CMPA intervention concerning Broadcasting Notice of Consultation CRTC 2010-926 – Application by BCE Inc. (BCE)  on behalf of CTVglobemedia Inc. (CTVgm) and its licensed broadcasting subsidiaries  for authority to change the effective control of CTVgm’s broadcasting entities to BCE (Application No. 2010-1506-6),Filed on January 11  2011,https://cmpa.ca/wp-content/uploads/2018/02/2011.01.11CMPA20Intervention20re20BNOC20CRTC202010-926_BCE-CTVgm1.pdf
CMPA intervention concerning Broadcasting Notice of Consultation CRTC 2010-952 – Group-based licence renewals for English-language television,Filed on February 9  2011,https://cmpa.ca/wp-content/uploads/2018/02/2011.02.09.CMPA_Intervention_re_BNOC_2010-9521.pdf
CMPA final comments concerning Broadcasting Notice of Consultation CRTC 2010-926 – Application by BCE Inc. (BCE)  on behalf of CTVglobemedia Inc. (CTVgm) and its licensed broadcasting subsidiaries  for authority to change the effective control of CTVgm’s broadcasting entities to BCE (Application No. 2010-1506-6),Filed on February 11  2011,https://cmpa.ca/wp-content/uploads/2018/02/2011.02.11.CMPA_Final_Reply_re_BNOC_CRTC_2010-926_BCE-CTVgm1.pdf
Intervention of the Canadian Media Production Association (CMPA) concerning Broadcasting Notice of Consultation CRTC 2010-783 – Review of the regulatory framework relating to vertical integration,Filed on April 27  2011,https://cmpa.ca/wp-content/uploads/2018/02/2011-04-27-CMPA20Submission_BNOC202010-783_Vertical20Integration1.pdf
CMPA final submission concerning Broadcasting Notice of Consultation CRTC 2010-952 – Group-based licence renewals for English-language television,Filed on April 29  2011,https://cmpa.ca/wp-content/uploads/2018/02/2011-04-29-CMPA20Final20Submission_BNOC202010-952_GLR1.pdf
Joint Submission of ACTRA  APFTQ  CMPA  DGC and WGC concerning Broadcasting and Telecom Notice of Consultation CRTC 2011-344 – Fact-finding exercise on the over-the-top programming services in the Canadian broadcasting system,Appendix IV  filed on July 5  2011,https://cmpa.ca/wp-content/uploads/2018/02/2011-07-05-BTNOC202011-344_OTT_APPENDIX204_Peter20Grant1.pdf
Joint Submission of ACTRA  APFTQ  CMPA  DGC and WGC concerning Broadcasting and Telecom Notice of Consultation CRTC 2011-344 – Fact-finding exercise on the over-the-top programming services in the Canadian broadcasting system,Appendix III  filed on July 5  2011,https://cmpa.ca/wp-content/uploads/2018/02/2011-07-05-BTNOC202011-344_OTT_APPENDIX203_Robert20Tercek20Report1.pdf
Joint Submission of ACTRA  APFTQ  CMPA  DGC and WGC concerning Broadcasting and Telecom Notice of Consultation CRTC 2011-344 – Fact-finding exercise on the over-the-top programming services in the Canadian broadcasting system,Appendix II  filed on July 5  2011,https://cmpa.ca/wp-content/uploads/2018/02/2011-07-05-BTNOC202011-344_OTT_APPENDIX202_Paul20Gratton20Report1.pdf
Joint Submission of ACTRA  APFTQ  CMPA  DGC and WGC concerning Broadcasting and Telecom Notice of Consultation CRTC 2011-344 – Fact-finding exercise on the over-the-top programming services in the Canadian broadcasting system,Appendix I  filed on July 5  2011,https://cmpa.ca/wp-content/uploads/2018/02/2011-07-05-BTNOC202011-344_OTT_APPENDIX201_CMRI20Report1.pdf
Joint Submission of ACTRA  APFTQ  CMPA  DGC and WGC concerning Broadcasting and Telecom Notice of Consultation CRTC 2011-344 – Fact-finding exercise on the over-the-top programming services in the Canadian broadcasting system,Cover letter  filed on July 5  2011,https://cmpa.ca/wp-content/uploads/2018/02/2011-07-05-BTNOC202011-344_OTT_Joint20Cover_ACTRA20et20al1.pdf
Joint Submission of ACTRA  APFTQ  CMPA  DGC and WGC concerning Broadcasting and Telecom Notice of Consultation CRTC 2011-344 – Fact-finding exercise on the over-the-top programming services in the Canadian broadcasting system,Filed on July 5  2011,https://cmpa.ca/wp-content/uploads/2018/02/2011-07-05-BTNOC202011-344_OTT_Joint20Submission_ACTRA20et20al1.pdf
CMPA Submission concerning Broadcasting Notice of Consultation CRTC 2011-350 – Call for comments on a possible exemption order respecting satellite relay distribution undertakings and on the transport of Canadian pay and specialty services by such undertakings,Filed on July 11  2011,https://cmpa.ca/wp-content/uploads/2018/02/2011-07-11-BNOC202011-350_SRDU20EO20Submission_CMPA_11-07-111.pdf
CMPA comments concerning Broadcasting Notice of Consultation CRTC 2011-408 Application No. 2011-0797-0 Glassbox Television Inc.,Filed on August 4  2011,https://cmpa.ca/wp-content/uploads/2018/02/2011-08-04-BNOC_2011-408_CMPA20Comments20re20Glassbox_Blue20Ant20Ownership20Transaction1.pdf
CMPA intervention concerning Broadcasting Notice of Consultation (BNOC) CRTC 2011-525: Development of a regulatory framework for the French-language television market  licence renewals for Astral Media Inc.  Quebecor Media Inc. and Serdy Media Inc.  and review of certain conditions of licence for V Interactions Inc.  Quebecor Media Inc.: Application 2011-0482-7  Men TV General Partnership: Application 2011-0485-1 (The Cave),Filed on September 27  2011,https://cmpa.ca/wp-content/uploads/2018/02/2011-09-27-CMPA20Quebecor20GLR20Submission_The20Cave1.pdf
CMPA intervention concerning Broadcasting Notice of Consultation CRTC 2011-525: Development of a regulatory framework for the French-language television market  licence renewals for Astral Media Inc.  Quebecor Media Inc. and Serdy Media Inc.  and review of certain conditions of licence for V Interactions Inc.  Astral Media Inc.: Application 2011-0483-5  The Family Channel Inc: Application 2011-0526-3 (Family Channel)  Astral Broadcasting Group Inc.: Application 2011-0510-7 (Mpix)  Astral Broadcasting Group Inc.: Application 2011-0511-4 (The Movie Network),Appendix B  filed on September 27  2011,https://cmpa.ca/wp-content/uploads/2018/02/2011-05-09-Strategic_Inc-Theatrical_Release_Research_Report_final_211.pdf
CMPA intervention concerning Broadcasting Notice of Consultation CRTC 2011-525: Development of a regulatory framework for the French-language television market  licence renewals for Astral Media Inc.  Quebecor Media Inc. and Serdy Media Inc.  and review of certain conditions of licence for V Interactions Inc.  Astral Media Inc.: Application 2011-0483-5  The Family Channel Inc: Application 2011-0526-3 (Family Channel)  Astral Broadcasting Group Inc.: Application 2011-0510-7 (Mpix)  Astral Broadcasting Group Inc.: Application 2011-0511-4 (The Movie Network),Appendix A  filed on September 27  2011,https://cmpa.ca/wp-content/uploads/2018/02/2011.09.BroadcasterSupportToEnglishTFCFeatureFilmsFINAL1.pdf
CMPA intervention concerning Broadcasting Notice of Consultation CRTC 2011-525: Development of a regulatory framework for the French-language television market  licence renewals for Astral Media Inc.  Quebecor Media Inc. and Serdy Media Inc.  and review of certain conditions of licence for V Interactions Inc.  Astral Media Inc.: Application 2011-0483-5  The Family Channel Inc: Application 2011-0526-3 (Family Channel)  Astral Broadcasting Group Inc.: Application 2011-0510-7 (Mpix)  Astral Broadcasting Group Inc.: Application 2011-0511-4 (The Movie Network),Filed on September 27  2011,https://cmpa.ca/wp-content/uploads/2018/02/2011-09-27-CMPA20Astral20GLR20Submission1.pdf
CMPA intervention concerning TELETOON Canada Inc.: Part 1 Application to amend a condition of licence Application No. 2011-1406-6,Filed on November 24  2011,https://cmpa.ca/wp-content/uploads/2018/02/2011-11-24-TELETOON20Part20120Application_CMPA20Intervention1.pdf
CMPA intervention concerning Broadcasting Notice of Consultation CRTC 2011-788: Review of Local Programming Improvement Fund,Filed on February 15  2012,https://cmpa.ca/wp-content/uploads/2018/02/2012-02-15-BNOC_2011-788_CMPA_Comments_re_LPIF_Review1.pdf
CMPA Oral Remarks concerning Broadcasting Notice of Consultation CRTC 2011-728: Review of the Local Programming Improvement Fund,Filed on April 19  2012,https://cmpa.ca/wp-content/uploads/2018/02/2012-04-19-BNOC202011-728_LPIF20Review_CMPA20Oral20Remarks1.pdf
CMPA intervention concerning Broadcasting Notice of Consultation CRTC 2012-214: Item 2 Application by Shaw Satellite Services Inc. (“Shaw”) to renew the broadcasting licence for its satellite relay distribution undertaking (“SRDU”) serving communities throughout Canada Application 2011-0953-8,Filed on May 16  2012,https://cmpa.ca/wp-content/uploads/2018/02/2012-05-16-BNOC202012-214_CMPA20Comments20re20Shaw20SRDU20Licence20Renewal1.pdf
CMPA intervention concerning Broadcasting Notice of Consultation CRTC 2012-214: Item 1 Application by Bell ExpressVu Limited Partnership (“Bell”) to renew the broadcasting licence for its satellite relay distribution undertaking (“SRDU”) serving communities throughout Canada Application 2011-0950-5,Filed on May 16  2012,https://cmpa.ca/wp-content/uploads/2018/02/2012-05-16-BNOC202012-214_CMPA20Comments20re20Bell20SRDU20Licence20Renewal1.pdf
CMPA intervention concerning Broadcasting Notice of Consultation CRTC 2012-81 (“BNC 2012-81”): Call for comments on a revised licensing framework for pay-per-view (“PPV”) services,Filed on May 30  2012,https://cmpa.ca/wp-content/uploads/2018/02/2012-05-30-BNOC202012-81_PPV20Framework_CMPA20Submission1.pdf
CMPA intervention concerning Broadcasting Notice of Consultation CRTC 2012-277 (“BNC 2012-277”): High Fidelity HDTV Inc. (“High Fidelity”)  Application 2012-0105-3,Filed on June 7  2012,https://cmpa.ca/wp-content/uploads/2018/02/2012-06-07-BNOC202012-277_CMPA20Comments20re20Blue20Ant_HiFi_Transaction1.pdf
CMPA comments concerning Broadcasting Notice of Consultation CRTC 2012-366: Call for comments on the Commission’s policy regarding Canadian programming expenditure over-expenditures for conventional television and specialty services from large broadcast groups,Filed on August 7  2012,https://cmpa.ca/wp-content/uploads/2018/02/2012-08-07-BNOC202012-366_CMPA20Submission20re20Over-expenditure20rules1.pdf
CMPA submission in response to Broadcasting Notice of Consultation CRTC 2012-370  Item 1: Application by BCE Inc. (BCE) on behalf of Astral Media inc. (Astral) for authority to change the effective control of Astral  and its licensed broadcasting subsidiaries – Application 2012-0516-2,Filed on August 9  2012,https://cmpa.ca/wp-content/uploads/2018/02/2012-08-09-BNOC202012-370_BCE-Astral_CMPA20Submission1.pdf
CMPA Oral remarks to the CRTC pursuant to Broadcasting Notice of Consultation CRTC 2012-370,Filed on September 13  2012,https://cmpa.ca/wp-content/uploads/2018/02/2012-09-13-BNOC202012-370_BCE-Astral_CMPA20Oral20Remarks1.pdf
CMPA Final comments concerning BNOC CRTC 2012-370  Item 1: Application by BCE Inc. (BCE) on behalf of Astral Media inc. (Astral) for authority to change the effective control of Astral  and its licensed broadcasting subsidiaries – Application 2012-0516-2,Filed on September 21  2012,https://cmpa.ca/wp-content/uploads/2018/02/2012-09-21-BNOC202012-370_BCE-Astral_CMPA20Final20Comments1.pdf
CMPA intervention concerning BNOC CRTC 2011-379: Licence renewals for the Canadian Broadcasting Corporation’s French- and English-language services. Application No. 2011-0283-9: documentary.,Filed on October 4  2012,https://cmpa.ca/wp-content/uploads/2018/02/2012-10-04-BNC202012-379_CMPA20Submission20re20CBC20Renewals20_documentary1.pdf
CMPA intervention concerning BNOC CRTC 2011-379: Licence renewals for the Canadian Broadcasting Corporation’s French- and English-language services  Respecting the Renewal Application for CBC Television (English-language network and stations),Filed on October 4  2012,https://cmpa.ca/wp-content/uploads/2018/02/2012-10-04-BNC202012-379_CBC20Renewals20_CMPA20Submission1.pdf
BNOC CRTC 2011-379: Licence renewals for the Canadian Broadcasting Corporation’s French- and English-language services. Application No. 2011-0276-4: CBC Television – Cover letter,Filed on October 4  2012,https://cmpa.ca/wp-content/uploads/2018/02/2012-10-04-BNC202012-379_CBC20Renewals20_CMPA20Submission_Cover20Letter1.pdf
BNOC CRTC 2012-379: Licence renewals for the Canadian Broadcasting Corporation’s French- and English-language services. Update Regarding Terms of Trade Negotiations with the CBC,Appendix (Terms of Trade Agreement betweenAstral Television Networks  A Division of Astral Broadcasting Group Inc.; Bell Media Inc.; Rogers Broadcasting Limited; Shaw Media Inc. and the Canadian Media Production Association  filed on November 5  2012,https://cmpa.ca/wp-content/uploads/2018/02/2012-11-05-BNOC202012-379_CBC20Renewals_CMPA20Terms20of20Trade20Update_APPENDIX1.pdf
BNOC CRTC 2012-379: Licence renewals for the Canadian Broadcasting Corporation’s French- and English-language services. Update Regarding Terms of Trade Negotiations with the CBC,Filed on November 5  2012,https://cmpa.ca/wp-content/uploads/2018/02/2012-11-05-BNOC202012-379_CBC20Renewals_CMPA-Terms-of-Trade-Update_ABRIDGED1.pdf
CMPA comments concerning BNOC CRTC 2012-560 Items 1 and 2: OWN Inc. and G4techTV – Show Cause Hearing  References 2012-1233-1 and 2012-1235-7,Filed on November 13  2012,https://cmpa.ca/wp-content/uploads/2018/02/2012-11-13-BNOC202012-560_CMPA20submission20re20OWN20Show20Cause1.pdf
CMPA Oral Remarks concerning BNOC CRTC 2011-379: Licence renewals for the Canadian Broadcasting Corporation’s French- and English-language services,Filed on November 22  2012,https://cmpa.ca/wp-content/uploads/2018/02/2012-11-22-BNOC202011-379_CBC20Renewals_CMPA20Oral20Final1.pdf
CMPA comments concerning BNOC CRTC 2012-560-2 Item 9: OWN Inc.  Application 2012-1422-0,Filed on December 7  2012,https://cmpa.ca/wp-content/uploads/2018/02/2012-12-7-BNOC202012-560-2_CMPA20submission20re20OWN20application20re20broadcast20day1.pdf
CMPA final comments concerning BNOC CRTC 2012-379: Licence renewals for the Canadian Broadcasting Corporation’s French- and English-language services,Appendix B – Bennett Jones LLP legal option on CRTC jurisdiction to impose Terms of Trade on the Canadian Broadcasting Corporation,https://cmpa.ca/wp-content/uploads/2018/02/2012-12-11-BNOC202011-379_CBC20Renewals_CMPA20Final20Submission-APPENDIX20B_BennettJones20Legal20Opinion1.pdf
CMPA final comments concerning BNOC CRTC 2012-379: Licence renewals for the Canadian Broadcasting Corporation’s French- and English-language services,Appendix A – Fasken Martineau legal opinion on CRTC Jurisdiction to Impose Terms of Trade  filed on December 11  2012,https://cmpa.ca/wp-content/uploads/2018/02/2012-12-11-BNOC202011-379_CBC20Renewals_CMPA20Final20Submission-APPENDIX20A_FaskenMartineau20Legal20Opinion1.pdf
CMPA final comments concerning BNOC CRTC 2012-379: Licence renewals for the Canadian Broadcasting Corporation’s French- and English-language services,Filed on December 11  2012,https://cmpa.ca/wp-content/uploads/2018/02/2012-12-11-BNOC202011-379_CBC20Renewals_CMPA20Final20Submission1.pdf
BNOC CRTC 2011-379: Licence renewals for the Canadian Broadcasting Corporation’s French- and English-language services. Follow-up to Procedural Complaint re CBC’s Final Submission.,Appendix A – Bennett Jones LLP legal opinion  filed on January 11  2013,https://cmpa.ca/wp-content/uploads/2018/02/2013-01-11-BNOC-2011-379_CBC-Renewals_CMPA-Procedural-Complaint-re-CBC-Final-Submission_Follow-up-Legal-Opinion.pdf
BNOC CRTC 2011-379: Licence renewals for the Canadian Broadcasting Corporation’s French- and English-language services. Follow-up to Procedural Complaint re CBC’s Final Submission.,Filed on January 11  2013,https://cmpa.ca/wp-content/uploads/2018/02/2013-01-11-BNOC-2011-379_CBC-Renewals_CMPA-Procedural-Complaint-re-CBC-Final-Submission_Follow-up-Cover-Letter.pdf
BNOC CRTC 2013-12: Rogers Media Inc. (“Rogers”)  on behalf of The Score Television Network Limited Application 2012-1327-2,Filed on February 20  2013,https://cmpa.ca/wp-content/uploads/2018/02/2013-02-20-BNOC-2013-12_CMPA-Intervention-re-Rogers_The-Score-Transaction-1.pdf
BNOC CRTC 2013-19: Applications for mandatory distribution on cable and satellite distribution systems pursuant to section 9(1)(h) of the Broadcasting Act and applications for the licence renewal of independent conventional  pay and specialty television services,Filed on February 26  2013,https://cmpa.ca/wp-content/uploads/2018/02/2013-02-26-BNOC-2013-19_Independent-Specialties-Renewals.pdf
BNOC CRTC 2013-106: Application by Astral Media Inc. (Astral) for authority to change its effective control  and control of its licensed broadcasting subsidiaries  to BCE Inc. (BCE) Application 2013-0244-7,Filed on April 5  2013,https://cmpa.ca/wp-content/uploads/2018/02/2013-04-05-BNOC-2013-106-BCE-Astral_2_CMPA-Submission.pdf
Oral Remarks by the CMPA BNOC CRTC 2013-19: Applications for mandatory distribution on cable and satellite distribution systems pursuant to section 9(1)(h) of the Broadcasting Act and applications for the licence renewal of independent conventional  pay and specialty television services,Filed on April 30  2013,https://cmpa.ca/wp-content/uploads/2018/02/2013-04-30-BNOC-2013-19_Independent-Specialties-Renewals_CMPAOral.pdf
CMPA submission re: Part 1 Application: Bell Media Inc. Amendment of a condition of licence: Book Television Application 2013-0493-0,Filed on May 3  2013,https://cmpa.ca/wp-content/uploads/2018/02/2013-05-03-Part-1_Bell_Book-TV_CMPA-Submission.pdf
Oral Remarks by the CMPA – BNOC CRTC 2013-106: Application by Astral Medias Inc. for authority to change its effective control  and control of its licensed broadcasting subsidiaries  to BCE Inc.,Filed on May 8  2013,https://cmpa.ca/wp-content/uploads/2018/02/2013-05-08-BNOC-2013-106_BCE-Astral_2_CMPA-Oral-Remarks.pdf
CMPA submission re: BNOC CRTC 2013-448  Item 2 Application (2013-0596-2) by 8324441 Canada Inc. on behalf of TELETOON Canada Inc. (TELETOON Canada) for authority to effect a change in ownership and effective control of the undertakings of TELETOON Canada to Corus Entertainment Inc. (Corus) Applications to renew the broadcasting licences for TELETOON/TÉLÉTOON (TELETOON) (2012-1162-2) and TELETOON Retro (2012-1163-0),Filed on September 27  2013,https://cmpa.ca/wp-content/uploads/2018/02/2013-09-27-BNOC-2013-448_CMPA-Submission-re-Corus-TELETOON.pdf
CMPA comments re: BNOC CRTC 2013-448  Item 3: Application by Corus Entertainment Inc. (Corus) for authority to acquire the broadcasting undertakings Historia and Series+ Applications 2013-0597-0  2013-0600-4  and 2013-0611-8,Filed on September 27  2013,https://cmpa.ca/wp-content/uploads/2018/02/2013-09-27-BNOC-2013-448_CMPA-Submission-re-Corus-Historia-and-Series.pdf
Oral Remarks by the CMPA re: BNOC CRTC 2013 – 488: Application to effect a change in ownership and effective control of the undertakings of TELETOON Canada to Corus Entertainment Inc.  Applications to renew the broadcasting licences for TELETOON/TÉLÉTOON and TELETOON Retro,Filed on November 11  2013,https://cmpa.ca/wp-content/uploads/2018/02/2013-11-06-BNOC2013-448-CMPA-Oral-Remarks.pdf
RE: Let’s Talk TV: CMPA-Hosted Flash! Conference Reports,Filed on January 9  2014,https://cmpa.ca/wp-content/uploads/2018/02/2014-01-09-CMPA-Flash-Conferences-Report-Letter.pdf
CMPA Submission re: BNOC CRTC 2013-558: Call for comments on the Commission’s approach to tangible benefits and determining the value of the transaction,Filed on January 14  2014,https://cmpa.ca/wp-content/uploads/2018/02/2014-01-14-BNOC-2013-558_CMPA-Submission.pdf
CMPA Oral Remarks re: BNOC CRTC 2014-26: Rogers Broadcasting Limited et al Renewals,Filed on April 9  2014,https://cmpa.ca/wp-content/uploads/2018/02/2014-04-14-BNOC-2014-26_Rogers-Renewal_Oral.pdf
CMPA’s Answers to the Commission’s Questions: BNOC CRTC 2014-190: Let’s Talk TV,Canadian Television – An Environment Scan (prepared by Peter H. Miller)  filed on June 26  2014,https://cmpa.ca/wp-content/uploads/2018/02/2014-06-26-BNOC-2014-190_CMPA-Evidence_TV-Environmental-Scan-2014_Miller.pdf
CMPA’s Answers to the Commission’s Questions: BNOC CRTC 2014-190: Let’s Talk TV,The State of the Canadian Program Rights Market: 2014 A Report prepared for submission to the CRTC in its formal “Talk TV” process (prepared by Peter  Miller)  filed on June 26  2014,https://cmpa.ca/wp-content/uploads/2018/02/2014-06-26-BNOC-2014-190_CMPA-Evidence_The-State-of-the-Canadian-Program-Rights-Market-2014_Miller.pdf
CMPA’s Answers to the Commission’s Questions: BNOC CRTC 2014-190: Let’s Talk TV,Impact Study on the Group Licence Policy 2.5 Years Later (Prepared by Louis Fournier)  filed on June 26  2014,https://cmpa.ca/wp-content/uploads/2018/02/2014-06-26-BNOC-2014-190_CMPA-Evidence_Impact-Study-on-the-Group-Licence-Policy_Fournier.pdf
CMPA’s Answers to the Commission’s Questions: BNOC CRTC 2014-190: Let’s Talk TV,An Analysis of Various CRTC Proposals Presented in BNOC 2014-190 (Prepared by Wall Communications Inc.)  filed on June 26  2014,https://cmpa.ca/wp-content/uploads/2018/02/2014-06-26-BNOC-2014-190_CMPA-Evidence_Analysis-of-CRTC-Proposals_Wall-Communications-1.pdf
CMPA’s Answers to the Commission’s Questions: BNOC CRTC 2014-190: Let’s Talk TV,Cover letter and introduction  filed on June 26  2014,https://cmpa.ca/wp-content/uploads/2018/02/2014-06-26-BNOC-2014-190_CMPA-Cover-Letter-and-Intro.pdf
CMPA’s Answers to the Commission’s Questions: BNOC CRTC 2014-190: Let’s Talk TV,Filed on June 26  2014,https://cmpa.ca/wp-content/uploads/2018/02/2014-06-26-BNOC-2014-190_CMPA-Answers-to-CRTC-Questions_0-1.pdf
CMPA Oral Remarks re:BNOC CRTC 2014-190: Let’s Talk TV,Filed on September 10  2014,https://cmpa.ca/wp-content/uploads/2018/02/2014-09-10-BNOC-2014-190_Lets-Talk-TV_CMPA-Oral-Remarks_0.pdf
CMPA Final Comments re: BNOC CRTC 2014-190: Let’s Talk TV,Filed on October 3  2014,https://cmpa.ca/wp-content/uploads/2018/02/2014-10-03-BNOC-2014-190_CMPA-Final-Submission.pdf
CMPA Submission re: Part 1 Application: Bell Media Inc. – Additional tangible benefits Application 2014-1178-5,Filed on January 12  2015,https://cmpa.ca/wp-content/uploads/2018/02/2015-01-12-Part-1_Bell-Media_Additional-Astral-Tangible-Benefits_CMPA-Submission.pdf
CMPA Submission re: Part 1 Application (2015-0336-8) – OWN Inc. – Amend conditions of licence with respect to nature of service pursuant to Broadcasting Regulatory Policy CRTC 2015-86 – Let’s Talk TV,Procedural Request to stay consideration of the proposed amendment concerning adherence to a Terms of Trade Agreement  filed on April 27  2015,https://cmpa.ca/wp-content/uploads/2018/02/2015-04-27-Part-1_OWN-Inc_CMPA-Procedural-Request_27.pdf
CMPA Submission re: Broadcasting Notice of Consultation CRTC 2015-87: Call for comments on proposed amendments to the exemption order for video-on-demand undertakings and to the standard conditions of licence for video-on-demand undertakings,Filed on April 27  2015,https://cmpa.ca/wp-content/uploads/2018/02/2015-04-27-BNOC-2015-87_Hybrid-VOD-Exemption-Order_CMPA-Comments.pdf
CMPA further comments re: 2015-0336-8 Application to amend the conditions of licence of Corus Entertainment Inc.’s television programming undertaking Oprah Winfrey Network (OWN) pursuant to policy changes announced in Broadcasting Regulatory Policy CRTC 2015-86 (BRP 2015-86) “Let’s Talk TV ”,Filed on July 15  2015,https://cmpa.ca/wp-content/uploads/2018/02/2015-07-15-Part-1_OWN-Inc_CMPA-Further-Submission.pdf
Part 1 Applications – Amendments to nature of service – Bell Media Inc.  Book Television – Application 2015-0611-4  Fashion Television – Application 2015-0626-3  MTV2 – Application 2015-0630-5,Filed on July 31  2015,https://cmpa.ca/wp-content/uploads/2018/02/2015-07-31-CMPA-Submission-re-Bell-Part-1_Genre-Elimination-1.pdf
Part 1 Applications – Conversion of the licence from a Category A to a Category B service – Bell Media Inc. and 2953285 Canada Inc. Bravo! – Application 2015-0729-5; The Comedy Network – Application 2015-0730-3; Discovery Channel – Application 2015-0731-0; E! – Application 2015-0732-8; MTV – Application 2015-0734-4; Much – Application 2015-0736-0; M3 – Application 2015-0737-8; Space – Application 2015-0738-6,Filed on August 18  2015,https://cmpa.ca/wp-content/uploads/2018/02/2015-08-18-CMPA-Submission-re-Bell-Part-1-Applications_CanCon-Reductions.pdf
Part 1 Application – Amendments to the nature of service definition (first-run Canadian programs) – Corus Entertainment Inc. – YTV Application 2015-0726-1,Filed on August 21  2015,https://cmpa.ca/wp-content/uploads/2018/02/2015-08-21-CMPA-Submission-re-Corus-Part-1_Genre-Elimination_YTV.pdf
Joint submission from ACTRA  CMPA  DGC and the WGC re: Broadcasting Notice of Consultation CRTC 2015-421 – A review of the policy framework for local and community television programming,Filed on November 5  2015,https://cmpa.ca/wp-content/uploads/2018/02/2015-11-05-BNOC-2015-421-Joint-Intervention-ACTRA-CMPA-DGC-WGC.pdf
CMPA Reply Submission re: Broadcasting Notice of Consultation CRTC 2015-467: Call for comments on the Commission’s policies relating to Certified Independent Production CIPFs (CIPFs),Filed on January 22  2016,https://cmpa.ca/wp-content/uploads/2018/02/2016-01-22-BNOC-2015-467_CIPF-Review_CMPA-Reply-Submission.pdf
Telecom Notice of Consultation CRTC 2015-134: Review of Basic Telecommunications Services Second Phase Intervention,Filed on February 8  2016,https://cmpa.ca/wp-content/uploads/2018/02/2016-02-08-TNOC-2015-134_Basic-Telecom-Services_CMPA-Submission.pdf
The Canadian Media Producers Association’s Comments Respecting Broadcasting Notice of Consultation CRTC 2016-225: Renewal of television licences held by large English- and French-language ownership groups,Appendix E  filed on August 16  2016,https://cmpa.ca/wp-content/uploads/2018/02/2016-08-15-BNOC-2016-226_Group-Licence-Renewals_CMPA-Submission_15_8_16_APPENDIX-E_Independent-Programming-Expenditure-Proposal-Analysis.pdf
The Canadian Media Producers Association’s Comments Respecting Broadcasting Notice of Consultation CRTC 2016-225: Renewal of television licences held by large English- and French-language ownership groups,Appendix D  filed on August 16  2016,https://cmpa.ca/wp-content/uploads/2018/02/2015-08-15-BNOC-2016-225_Group-Licence-Renewals_CMPA-Submission_15_8_16_APPENDIX-D_BDPS-Report.pdf
The Canadian Media Producers Association’s Comments Respecting Broadcasting Notice of Consultation CRTC 2016-225: Renewal of television licences held by large English- and French-language ownership groups,Appendix C  filed on August 16  2016,https://cmpa.ca/wp-content/uploads/2018/02/2016-08-15-BNOC-2016-225_Group-Licence-Renewals_CMPA-Submission_15_8_16_APPENDIX-C_Evening-Audiences_CMPA_NUMERIS.pdf
The Canadian Media Producers Association’s Comments Respecting Broadcasting Notice of Consultation CRTC 2016-225: Renewal of television licences held by large English- and French-language ownership groups,Appendix B  filed on August 16  2016,https://cmpa.ca/wp-content/uploads/2018/02/2016-08-15-BNOC-2016-225_Group-Licence-Renewals_CMPA-Submission_15_8_16_APPENDIX-B_Evening-Audiences_CMRI_NUMERIS.pdf
The Canadian Media Producers Association’s Comments Respecting Broadcasting Notice of Consultation CRTC 2016-225: Renewal of television licences held by large English- and French-language ownership groups,Appendix A  filed on August 16  2016,https://cmpa.ca/wp-content/uploads/2018/02/2016-08-15-BNOC-2016-225_Group-Licence-Renewals_CMPA-Submission_15_8_16_APPENDIX-A_POR-Program-Characteristics.pdf
The Canadian Media Producers Association’s Comments Respecting Broadcasting Notice of Consultation CRTC 2016-225: Renewal of television licences held by large English- and French-language ownership groups,Cover letter  filed on August 15  2016,https://cmpa.ca/wp-content/uploads/2018/02/2016-08-15-BNOC-2016-225_Group-Licence-Renewals_CMPA-Submission_15_8_16_Cover-Letter.pdf
Broadcasting Notice of Consultation CRTC 2016-22: Application by Shaw Communications Inc. (SCI) on behalf of Shaw Media Inc. and its licensed subsidiaries (SMI)  for authority to effect a multi-step intra-corporate reorganization by transferring all the voting shares of SMI to Corus Entertainment Inc. or one of its subsidiaries (Corus).,Filed on February 18  2016,https://cmpa.ca/wp-content/uploads/2018/02/2016-02-18-BNOC-2016-22-Corus-Shaw-Media_CMPA-Submission.pdf
Broadcasting Notice of Consultation CRTC 2016-195: Call for comments on standard requirements for television stations  discretionary services  and on-demand services,Filed on June 17  2016,https://cmpa.ca/wp-content/uploads/2018/02/2016-195.jpg
The Canadian Media Producers Association’s Comments Respecting Broadcasting Notice of Consultation CRTC 2016-225: Renewal of television licences held by large English- and French-language ownership groups,Filed on August 16  2016,https://cmpa.ca/wp-content/uploads/2018/02/2016-08-15-BNOC-2016-225_Group-Licence-Renewals_CMPA-Submission.pdf
CMPA’s Submission for Phase 1 of Broadcasting Notice of Consultation CRTC 2017-359  Call for comments on the Governor in Council’s request for a report on future programming distribution models,Filed on December 1  2017,https://cmpa.ca/wp-content/uploads/2018/02/BNC-2017-359-CMPA-Intervention-and-Appendix-A-1.pdf
CMPA By-Laws,The by-laws governing the Canadian Media Producers Association,https://cmpa.ca/wp-content/uploads/2018/02/CMPA-by-laws-2019-January-30-Approved-by-membership.pdf
Profil 2017,Rapport économique sur l’industrie de la production de contenu sur écran au Canada,https://cmpa.ca/wp-content/uploads/2018/02/Profil-2017.pdf
Profile 2017,An annual economic report on the screen-based production industry in Canada (February 2018),https://cmpa.ca/wp-content/uploads/2018/02/Profile-2017.pdf
Exporting Canadian Television Globally,Trends  Opportunities and Future Directions (May 2017),https://cmpa.ca/wp-content/uploads/2018/01/CMPA-Communications-MDR-Exporting-Canadian-Television-Globally_0.pdf
Exporting Canadian Feature Films in Global Markets,Trends  Opportunities and Future Directions (May 2017),https://cmpa.ca/wp-content/uploads/2018/01/CMPA-Communications-MDR-Exporting-Canadian-Feature-Films-In-Global-Markets_0.pdf
Impact of the 2003 Communications Act on UK Indie Producers,Report presented to the Canadian Media Producers Association by Olsberg•SPI,https://cmpa.ca/wp-content/uploads/2018/01/FINAL-CMPA-Terms-of-Trade-Report-by-Olsberg-SPI.pdf
An International Comparative Study,How National Content is Defined in Canada and Selected Countries for the Purpose of Providing Access to Public Support (December 2015),https://cmpa.ca/wp-content/uploads/2018/01/CMPA-Report-June-6-2016-FINAL-FINAL-ENG.pdf
Indiescreen Winter 2018,Winter 2018 issue of Indiescreen magazine,https://cmpa.ca/wp-content/uploads/2018/01/00823_CMPA_Indiescreen_Winter2018_FULL_FINAL2_WEB.pdf
UBCP BC Master Animation Agreement,The Union of British Columbia Performers (UBCP) BC Master Animation Agreement establishes the terms  conditions and rates for performers engaged in animation production on English-language production in British Columbia. UBCP is an autonomous branch of the Alliance of Canadian Cinema  Television and Radio Artists (ACTRA).,https://cmpa.ca/wp-content/uploads/2017/10/BCMAA-2020-2023.pdf
UBCP BC Master Production Agreement,The Union of British Columbia Performers (UBCP) BC Master Production Agreement establishes the terms  conditions and rates for on-camera and off-camera performers engaged on English-language production in British Columbia and the Yukon. UBCP is an autonomous branch of the Alliance of Canadian Cinema  Television and Radio Artists (ACTRA). The UBCP BC Master Production Agreement is jointly negotiated by the CMPA and the Canadian Affiliates of the Alliance of Motion Picture and Television Producers (AMPTP).,https://cmpa.ca/wp-content/uploads/2017/10/2018-2021-UBCP-BCMPA.pdf
DGC BC Collective Agreement,The Directors Guild of Canada  British Columbia District Council (DGC BC) Collective Agreement establishes the terms  conditions and rates for directors  production managers  assistant directors  location department personnel and other professionals engaged on productions in BC and the Yukon. This agreement is jointly negotiated by the CMPA and the Canadian Affiliates of the Alliance of Motion Picture and Television Producers (AMPTP).,https://cmpa.ca/wp-content/uploads/2017/10/DGC-BC-2018-2021-Collective-Agreement-CLEAN-FINAL-2019.01.21.pdf
British Columbia & Yukon Council of Film Unions Master Agreement (2015-2018),The British Columbia & Yukon Council of Film Unions Master Agreement establishes the terms  conditions and rates for labour technicians from IATSE 891 (technical crew including grip  props  construction  transportation  set decorating  hair  makeup and wardrobe)  IATSE 669 (camera and publicity crew) and Teamsters 155 (including transportation and catering). This agreement is jointly negotiated by the CMPA and the Canadian Affiliates of the Alliance of Motion Picture and Television Producers (AMPTP).,https://cmpa.ca/wp-content/uploads/2017/10/2015-2018-BCCFU-Master-Agreement-FINAL-2016.05.10-no-index.pdf
ACFC West Local 2020 UNIFOR Collective Agreement,The Association of Canadian Film Craftspeople Local 2020 UNIFOR (ACFC West) Collective Agreement establishes the terms  conditions and rates for a number of technical crew—including grip  props  construction  transportation  set  hair  makeup and wardrobe—engaged on productions in BC.,https://cmpa.ca/wp-content/uploads/2017/10/2021-CMPA-BC-_-ACFC-Collective-Agreement_SIGNED.pdf
Teamsters Local 362 Alberta Master Agreement,The CMPA / Teamsters Local 362 Alberta Master Agreement establishes the terms  conditions and rates for those employed in classifications including driving  catering  wrangling and animal training on productions in Alberta and the Northwest Territories.,https://cmpa.ca/wp-content/uploads/2017/10/Revised-Master-Agreement-FINAL-SIGNED-Sept.9.20.pdf
NABET 700-M UNIFOR Collective Agreement,The NABET 700-M UNIFOR (NABET) Collective Agreement establishes the terms  conditions and rates for a number of technical crew  including grip  props  construction  transportation  set  hair  makeup and wardrobe  engaged on productions in Ontario.,https://cmpa.ca/wp-content/uploads/2017/10/NABET-2019-2021-Collective-Agreement-signed.pdf
IATSE Local 411 Collective Agreement,The International Alliance of Theatrical Stage Employees  Moving Picture Technicians  Artists and Allied Crafts of the United States  its Territories and Canada (IATSE) Local 411 Agreement establishes the terms  conditions and rates for craftservice providers and honeywagon operators engaged on productions in Ontario.,https://cmpa.ca/wp-content/uploads/2017/10/IATSE-Local-411-CSP-HWO-2019-2021-Collective-Agreement.pdf
WGC Independent Production Agreement,The Writers Guild of Canada (WGC) IPA establishes the terms  conditions and rates for writers  story editors and story consultants engaged on English-language productions in Canada.,https://cmpa.ca/wp-content/uploads/2017/10/2019-2022-CMPA-WGC-IPA.pdf
DGC Standard Agreement,The Directors Guild of Canada (DGC) Standard Agreement establishes the terms  conditions and rates for directors  production managers  assistant directors  editors  location department personnel and other professionals engaged on productions in Canada  excluding BC and Quebec. In addition to the Core Agreement  there is a separate Directors Schedule  and jurisdiction-specific schedules for Alberta  Saskatchewan  Manitoba  Ontario and Atlantic Canada.,https://cmpa.ca/wp-content/uploads/2017/10/DGC-Core-Standard-Agreement-2019-2021.pdf
ACTRA Independent Production Agreement,The Alliance of Canadian Cinema  Television and Radio Artists (ACTRA) Independent Production Agreement (IPA) establishes the terms  conditions and rates for on- and off-camera performers engaged on English-language productions in Canada  excluding BC. The ACTRA IPA is jointly negotiated by the CMPA and its French-language counterpart  the AQPM.,https://cmpa.ca/wp-content/uploads/2017/10/113704-1b_ACTRA_IPAagreement_09-JM-4-Aug29-2019-FINAL-exec-ACTRA-CMPA-AQPM-Signatures-092319.pdf
IMP exemption code T11,NA,
FAQ – New Labour Market Impact (LIMA) Exemptions For The Television and Film Sectors,NA,https://cmpa.ca/wp-content/uploads/2017/10/1134-FAQ-C14.pdf
IMP in the television and film sector,NA,https://cmpa.ca/wp-content/uploads/2017/10/1134-C14-English.pdf
CMPA Director’s Declaration with its Schedule “A” Declaration of Corporate and Other Interest for Potential CMPA Directors,NA,https://cmpa.ca/wp-content/uploads/2017/10/FINAL-CMPA-Directors-Declaration-Schedule-A-fillable-bylaw-link-2017-07-05-.pdf
CMPA 2017–2019 Board of Directors Nomination Form,Nomination Form for the Board of Directors,https://cmpa.ca/wp-content/uploads/2017/10/FINAL-Nomination-Form-for-members-fillable-2017-07-05.pdf
Permittee Applications Form,Permittee Applications Form,https://cmpa.ca/wp-content/uploads/2017/10/Permittee-applications-form-2018.pdf
CMPA’s International Strategy,NA,https://cmpa.ca/wp-content/uploads/2017/10/Screenshot-2017-10-7-Microsoft-Word-CMPA-International-strategy-as-of-2016-December-12-docx-CMPA-International-strate....png
Astral Bell Rogers Shaw Terms of Trade agreement,Terms of Trade agreement between Astral Television Networks A Division of Astral Broadcasting Group Inc  Bell Media Inc  Rogers Broadcasting Limited  Shaw Media Inc  and the Canadian Media Production Association,https://cmpa.ca/wp-content/uploads/2017/10/2011-04-26-Terms-of-Trade-Agreement-Astral-Bell-Rogers-Shaw.pdf
Women and Leadership,A Study of Gender Parity and Diversity in Canada’s Screen Industries (January 2017),https://cmpa.ca/wp-content/uploads/2017/09/CMPA-Women-and-Leadership-2017-01-30.pdf
Profile 2016,An annual economic report on the screen-based production industry in Canada,https://cmpa.ca/wp-content/uploads/2017/09/Profile-2016.pdf
Strengthening the Business,Capitalizing Canada’s Content Business (January 2016),https://cmpa.ca/wp-content/uploads/2017/09/Strengthening_the_business_2016_02_02.pdf
