Title,Description,link
Film and Video Distribution (87F0010X),This product provides an overview of trends in the film and video distribution industry. It provides users with information required for making corporate decisions| monitoring programs and reviewing policies ...,https://www150.statcan.gc.ca/n1/en/catalogue/87F0010X
Film| Television and Video Production (87-010-X),This product provides an overview of trends in the film| television and video production industry. It provides users with information to monitor growth of the industry| measure performance| monitor programs ...,https://www150.statcan.gc.ca/n1/en/catalogue/87-010-X
Film and video distribution| industry expenditures (21-10-0069-01),The operating expenses by North American Industry Classification System (NAICS) which include all members under industry expenditures| for motion picture and video distribution (NAICS 512120)| annual (percent) ...,https://www150.statcan.gc.ca/t1/tbl1/en/tv.action?pid=2110006901
Film and video distribution| industry profile (21-10-0075-01),Profile of the film and video distribution industry| for Canada| x 1|000|000| available every two years.,https://www150.statcan.gc.ca/t1/tbl1/en/tv.action?pid=2110007501
Film and video distribution| distribution revenue (21-10-0074-01),Distribution revenue for film and video distribution industry| for Canada| in dollars x 1|000|000| available on annual basis.,https://www150.statcan.gc.ca/t1/tbl1/en/tv.action?pid=2110007401
Film and video distribution| summary statistics (21-10-0068-01),The summary statistics by North American Industry Classification System (NAICS) which include: operating revenue (dollars x 1|000|000)| operating expenses (dollars x 1|000|000)| salaries wages and benefits ...,https://www150.statcan.gc.ca/t1/tbl1/en/tv.action?pid=2110006801
Film| television and video production| summary statistics (21-10-0059-01),The summary statistics by North American Industry Classification System (NAICS) which include: operating revenue (dollars x 1|000|000)| operating expenses (dollars x 1|000|000)| salaries wages and benefits ...,https://www150.statcan.gc.ca/t1/tbl1/en/tv.action?pid=2110005901
Film| television and video production| industry expenditures (21-10-0079-01),The industry expenditures for the film| television and video production industry| (NAICS 512110)| for five years of data.,https://www150.statcan.gc.ca/t1/tbl1/en/tv.action?pid=2110007901
The Daily — Film| television and video production| 2019,Release published in The Daily – Statistics Canada's official release bulletin,https://www150.statcan.gc.ca/n1/daily-quotidien/210311/dq210311e-eng.htm
Film| television and video post-production| industry expenditures (21-10-0067-01),The operating expenses by North American Industry Classification System (NAICS) which include all members under industry expenditures| for post-production and other motion picture and video industries ...,https://www150.statcan.gc.ca/t1/tbl1/en/tv.action?pid=2110006701
Film| television and video post-production| summary statistics (21-10-0066-01),The summary statistics by North American Industry Classification System (NAICS) which include: operating revenue (dollars x 1|000|000)| operating expenses (dollars x 1|000|000)| salaries wages and benefits ...,https://www150.statcan.gc.ca/t1/tbl1/en/tv.action?pid=2110006601
Film| television and video production| production revenue by type of production (21-10-0078-01),The production revenue by by type of production| for the film| television and video production industry| (NAICS 512110)| for five years of data.,https://www150.statcan.gc.ca/t1/tbl1/en/tv.action?pid=2110007801
The Daily — Data tables: Film and video distribution| 2015 (revised data),Release published in The Daily – Statistics Canada's official release bulletin,https://www150.statcan.gc.ca/n1/daily-quotidien/210222/dq210222f-eng.htm
Film| television and video post-production| industry profile based on type of revenue (21-10-0077-01),The industry profile based on type of revenue which includes all members under film| television and video post-production industry (NAICS 512190) for one year of data.,https://www150.statcan.gc.ca/t1/tbl1/en/tv.action?pid=2110007701
NAICS 2017 Version 3.0 - 326114 - Plastic film and sheet manufacturing - Canadian industry,North American Industry Classification System (NAICS) Canada 2017 Version 3.0 - This Canadian industry comprises establishments primarily engaged in converting plastics resins into unsupported plastic…,http://www23.statcan.gc.ca/imdb/p3VD.pl?CLV=5&CPV=326114&CST=01012017&CVD=1182718&Function=getVD&MLV=5&TVD=1181553
NAICS 2017 Version 3.0 - 32611 - Plastic packaging materials and unlaminated film and sheet manufacturing - Industry,North American Industry Classification System (NAICS) Canada 2017 Version 3.0 - This industry comprises establishments primarily engaged in converting plastic resins into unsupported plastic films| sheets…,http://www23.statcan.gc.ca/imdb/p3VD.pl?CLV=4&CPV=32611&CST=01012017&CVD=1182006&Function=getVD&MLV=5&TVD=1181553
The Daily — Revenue and expenses drop for Canada's film| television and video distribution industry in 2019,Release published in The Daily – Statistics Canada's official release bulletin,https://www150.statcan.gc.ca/n1/daily-quotidien/210218/dq210218e-eng.htm
Film Audio and Audio Visual Industry (87C0015),Custom tabulations on a cost recovery basis for clients who have specific data requirements.,https://www150.statcan.gc.ca/n1/en/catalogue/87C0015
Film| television and video post-production| industry profile based on domestic and foreign sales (21-10-0076-01),The industry profile based on foreign and domestic sales which includes all members under film| television and video post-production industry (NAICS 512190) for one year of data.,https://www150.statcan.gc.ca/t1/tbl1/en/tv.action?pid=2110007601
The Daily — Revenues and expenses up for Canada's film| television and video post-production industries in 2019,Release published in The Daily – Statistics Canada's official release bulletin,https://www150.statcan.gc.ca/n1/daily-quotidien/201104/dq201104c-eng.htm
NAICS 2017 Version 3.0 - 326114 - Plastic film and sheet manufacturing - All examples,This Canadian industry comprises establishments primarily engaged in converting plastics resins into unsupported plastic film and sheet.,http://www23.statcan.gc.ca/imdb/p3VD.pl?CLV=5&CPV=326114&CST=01012017&CVD=1182718&Function=getAllExample&MLV=5&TVD=1181553&V=369982&VST=01012017
Surveys and statistical programs - Survey of Service Industries: Film and Video Distribution (DIST),This survey collects the financial and operating data needed to develop national and regional economic policies and programs.,http://www23.statcan.gc.ca/imdb/p2SV.pl?Function=getSurvey&SDDS=2414
Surveys and statistical programs - Survey of Service Industries: Film| Television and Video Production (PROD),This survey collects the financial and operating data needed to develop national and regional economic policies and programs.,http://www23.statcan.gc.ca/imdb/p2SV.pl?Function=getSurvey&SDDS=2413
Surveys and statistical programs - Survey of Service Industries: Film| Television and Video Post-production (POST),This survey collects the financial and operating data needed to develop national and regional economic policies and programs.,http://www23.statcan.gc.ca/imdb/p2SV.pl?Function=getSurvey&SDDS=2415
The Daily — Motion picture theatres| 2020,Release published in The Daily – Statistics Canada's official release bulletin,https://www150.statcan.gc.ca/n1/daily-quotidien/211004/dq211004f-eng.htm
The Daily — Study: Financial impacts of the pandemic on the culture| arts| entertainment and recreation industries in 2020,Release published in The Daily – Statistics Canada's official release bulletin,https://www150.statcan.gc.ca/n1/daily-quotidien/210817/dq210817d-eng.htm
Motion picture theatres| theatre operations (21-10-0180-01),The theatres operations by North American Industry Classification System (NAICS 512130) of Motion picture and video exhibition which include: all members under Theatre operations (NAICS 512130)| every ...,https://www150.statcan.gc.ca/t1/tbl1/en/tv.action?pid=2110018001
Motion picture theatres| e-commerce sales (21-10-0220-01),Motion picture theatres| e-commerce sales| by North American Industry Classification System (NAICS) 512130 Motion picture and video exhibition| which include all members under Sales| (dollars X 1|000|000) ...,https://www150.statcan.gc.ca/t1/tbl1/en/tv.action?pid=2110022001
Motion picture theatres| sales (21-10-0181-01),The sales by North American Industry Classification System (NAICS 512130) of Motion picture and video exhibition which include: all members under Sales| every two years (dollars) for five years of data ...,https://www150.statcan.gc.ca/t1/tbl1/en/tv.action?pid=2110018101
Business and consumer services and culture statistics,Bringing together data| tools and analytical articles about business and consumer services and culture in Canada to provide you the latest information.,https://www.statcan.gc.ca/en/subjects-start/business_and_consumer_services_and_culture
Motion picture theatres| summary statistics (21-10-0178-01),The summary statistics based on the North American Industry Classification System (NAICS 512130) of Motion picture and video exhibition which include: Operating Revenue (x 1|000|000)| Operating Expenses ...,https://www150.statcan.gc.ca/t1/tbl1/en/tv.action?pid=2110017801
Motion picture theatres| industry expenditures (21-10-0179-01),The industry expenditures by North American Industry Classification System (NAICS 512130) of Motion picture and video exhibition which include all members under Industry expenditures every two years (percent) ...,https://www150.statcan.gc.ca/t1/tbl1/en/tv.action?pid=2110017901
Culture statistics,The Culture Statistics portal brings together reliable government data| tools and reports to provide you with key information on culture| arts| heritage and sport in Canada.,https://www.statcan.gc.ca/en/subjects-start/business_and_consumer_services_and_culture/culture
The Daily — Trade of culture and sport products| 2019,Release published in The Daily – Statistics Canada's official release bulletin,https://www150.statcan.gc.ca/n1/daily-quotidien/210928/dq210928b-eng.htm
List of surveys and statistical programs by record number,A list of active surveys and statistical programs followed by a list of inactive surveys and statistical programs.,http://www23.statcan.gc.ca/imdb-bmdi/pub/index-eng.htm
National culture and sport indicators by domain and sub-domain (36-10-0652-01),Gross domestic product| output and jobs for sport and culture| product perspective| quarterly.,https://www150.statcan.gc.ca/t1/tbl1/en/tv.action?pid=3610065201
International and inter-provincial trade of culture and sport products| by domain and sub-domain| provinces and territories (12-10-0116-01),International and inter-provincial trade of culture and sport products| provinces and territories| annual.,https://www150.statcan.gc.ca/t1/tbl1/en/tv.action?pid=1210011601
Manufacturing sales by industry and province| monthly (dollars unless otherwise noted) (16-10-0048-01),Monthly provincial and territorial manufacturing sales| by North American Industry Classification System (NAICS)| data in thousands of dollars. Unadjusted and seasonally adjusted values available from ...,https://www150.statcan.gc.ca/t1/tbl1/en/tv.action?pid=1610004801
Manufacturers' sales| inventories| orders and inventory to sales ratios| by industry (dollars unless otherwise noted) (16-10-0047-01),Monthly Canadian manufacturers' sales| new orders| unfilled orders| raw materials| goods or work in process| finished goods| total inventories| inventory to sales ratios and finished goods to sales ratios ...,https://www150.statcan.gc.ca/t1/tbl1/en/tv.action?pid=1610004701
Knowledge of official languages by selected arts and culture occupations| 2011 and 2016 (15-10-0017-01),Provides information on knowledge of official languages for workers employed in selected arts and culture occupations. These data are based on the 2016 Census of Population as well as the 2011 National ...,https://www150.statcan.gc.ca/t1/tbl1/en/tv.action?pid=1510001701
Frequency of French use at work by selected arts and culture occupations| Canada outside Quebec| 2011 and 2016 (15-10-0018-01),Provides information on the total| primary| equal and secondary use of French at work in Canada outside Quebec for workers employed in selected arts and culture occupations| please see footnotes for more ...,https://www150.statcan.gc.ca/t1/tbl1/en/tv.action?pid=1510001801
Frequency of English use at work by selected arts and culture occupations| Quebec| 2011 and 2016 (15-10-0019-01),Provides information on the total| primary| equal and secondary use of English at work in Quebec for workers employed in selected arts and culture occupations| please see footnotes for more details. These ...,https://www150.statcan.gc.ca/t1/tbl1/en/tv.action?pid=1510001901
First Official Language spoken of workers by selected arts and culture occupations| 2011 and 2016 (15-10-0016-01),Provides information on the first official language spoken for workers employed in selected arts and culture occupations. These data are based on the 2011 National Household Survey and the 2016 Census ...,https://www150.statcan.gc.ca/t1/tbl1/en/tv.action?pid=1510001601
Frequency of French use at work by selected arts and culture occupations| Quebec| 2011 and 2016 (15-10-0020-01),Provides information on the total| primary| equal and secondary use of French at work in Quebec for workers employed in selected arts and culture occupations| please see footnotes for more details. These ...,https://www150.statcan.gc.ca/t1/tbl1/en/tv.action?pid=1510002001
International trade of culture and sport products| by domain and sub-domain| and trading partner (12-10-0117-01),International trade of culture and sport products| by trading partner| Canada| annual.,https://www150.statcan.gc.ca/t1/tbl1/en/tv.action?pid=1210011701
Canadian international merchandise trade by industry for all countries (12-10-0136-01),Canadian International merchandise trade data grouped by North American Industry Classification System (NAICS) codes of the 2017 NAICS structure version 2. The detailed NAICS codes (all levels) are from ...,https://www150.statcan.gc.ca/t1/tbl1/en/tv.action?pid=1210013601
Industrial product price index| by product| monthly (18-10-0266-01),Industrial product price index (IPPI)| by product by North American Product Classification System (NAPCS) 2017 Version 2.0. Monthly data are available from January 1956. The table presents data for the ...,https://www150.statcan.gc.ca/t1/tbl1/en/tv.action?pid=1810026601
Infographics,Browse our infographics by subject.,https://www150.statcan.gc.ca/n1/pub/11-627-m/index-eng.htm
Industrial product price index| by industry| monthly (18-10-0267-01),Industrial product price index (IPPI) by industry| by North American Industry Classification System (NAICS) 2017 Version 3.0. Monthly data are available from January 1956. The table presents data for the ...,https://www150.statcan.gc.ca/t1/tbl1/en/tv.action?pid=1810026701
Job vacancies| proportion of job vacancies and average offered hourly wage by selected characteristics| quarterly| unadjusted for seasonality (14-10-0328-01),Number of job vacancies| proportion of job vacancies and average offered hourly wage by selected characteristics and National Occupational Classification (NOC)| last 5 quarters.,https://www150.statcan.gc.ca/t1/tbl1/en/tv.action?pid=1410032801
Job vacancies and average offered hourly wage by occupation (broad occupational category)| quarterly| unadjusted for seasonality (14-10-0356-01),Number of job vacancies and average offered hourly wage by one-digit National Occupational Classification (NOC) code| last 5 quarters.,https://www150.statcan.gc.ca/t1/tbl1/en/tv.action?pid=1410035601
Financial impacts of the pandemic on the culture| arts| entertainment and recreation industries in 2020 (45-28-0001202100100033),The COVID-19 pandemic abruptly disrupted many businesses that create and distribute arts and culture or offer recreational activities. This study looks at preliminary operating revenue estimates and labour-related ...,https://www150.statcan.gc.ca/n1/pub/45-28-0001/2021001/article/00033-eng.htm
Canadian Business Counts| without employees| June 2021 (33-10-0396-01),Canadian Business Counts| location counts without employees| by North American Industry Classification System (NAICS)| Canada and provinces| June 2021.,https://www150.statcan.gc.ca/t1/tbl1/en/tv.action?pid=3310039601
Canadian Business Counts| with employees| June 2021 (33-10-0395-01),Canadian Business Counts| location counts with employees| by employment size ranges and North American Industry Classification System (NAICS)| Canada and provinces| June 2021.,https://www150.statcan.gc.ca/t1/tbl1/en/tv.action?pid=3310039501
Heard on the Radio and seen on TV: Radio and TV Broadcasting| 2020 (11-627-M2021042),This infographic presents data on the Radio and Television broadcasting industries in 2020. It features data on COVID subsidies received during the broadcasting year| employment level| ad revenue and programming ...,https://www150.statcan.gc.ca/n1/pub/11-627-m/11-627-m2021042-eng.htm
The Daily — Provincial and Territorial Cultural Indicators| 2019,Release published in The Daily – Statistics Canada's official release bulletin,https://www150.statcan.gc.ca/n1/daily-quotidien/210527/dq210527b-eng.htm
NAICS 2017 Version 3.0 - 512190 - Post-production and other motion picture and video industries - All examples,This Canadian industry comprises establishments| not classified to any other Canadian industry| primarily engaged in providing post-production services and services to the motion picture and video industries.,http://www23.statcan.gc.ca/imdb/p3VD.pl?CLV=5&CPV=512190&CST=01012017&CVD=1182718&Function=getAllExample&MLV=5&TVD=1181553&V=370331&VST=01012017
Culture and sport indicators by domain and sub-domain| by province and territory| industry perspective (36-10-0453-01),Gross domestic product| output and jobs for sport and culture| industry perspective| annual.,https://www150.statcan.gc.ca/t1/tbl1/en/tv.action?pid=3610045301
Culture and sport indicators by domain and sub-domain| by province and territory| product perspective (36-10-0452-01),Gross domestic product| output and jobs for sport and culture| product perspective| annual.,https://www150.statcan.gc.ca/t1/tbl1/en/tv.action?pid=3610045201
NAICS 2017 Version 3.0 - 512120 - Motion picture and video distribution - All examples,This Canadian industry comprises establishments primarily engaged in acquiring distribution rights and distributing film and video productions to motion picture theatres| television networks and stations| and other exhibitors.,http://www23.statcan.gc.ca/imdb/p3VD.pl?CLV=5&CPV=512120&CST=01012017&CVD=1182718&Function=getAllExample&MLV=5&TVD=1181553&V=370329&VST=01012017
NAICS 2017 Version 3.0 - 512120 - Motion picture and video distribution - Canadian industry,North American Industry Classification System (NAICS) Canada 2017 Version 3.0 - This Canadian industry comprises establishments primarily engaged in acquiring distribution rights and distributing film…,http://www23.statcan.gc.ca/imdb/p3VD.pl?CLV=5&CPV=512120&CST=01012017&CVD=1182718&Function=getVD&MLV=5&TVD=1181553
NAICS 2017 Version 3.0 - 812921 - Photo finishing laboratories (except one-hour) - All examples,This Canadian industry comprises establishments| known as commercial and professional photo finishing laboratories| primarily engaged in developing film and making photographic slides| prints| and enlargements|…,http://www23.statcan.gc.ca/imdb/p3VD.pl?CLV=5&CPV=812921&CST=01012017&CVD=1182718&Function=getAllExample&MLV=5&TVD=1181553&V=370627&VST=01012017
NAICS 2017 Version 3.0 - 326111 - Plastic bag and pouch manufacturing - All examples,This Canadian industry comprises establishments primarily engaged in converting plastics resins into unsupported plastic bags and those that only form| coat or laminate plastic or cellulose films and sheets…,http://www23.statcan.gc.ca/imdb/p3VD.pl?CLV=5&CPV=326111&CST=01012017&CVD=1182718&Function=getAllExample&MLV=5&TVD=1181553&V=369981&VST=01012017
NAICS 2017 Version 3.0 - 32222 - Paper bag and coated and treated paper manufacturing - Industry,North American Industry Classification System (NAICS) Canada 2017 Version 3.0 - This industry comprises establishments primarily engaged in manufacturing paper bags| and coated and treated paper and paperboard…,http://www23.statcan.gc.ca/imdb/p3VD.pl?CLV=4&CPV=32222&CST=01012017&CVD=1182006&Function=getVD&MLV=5&TVD=1181553
NAICS 2017 Version 3.0 - 51219 - Post-production and other motion picture and video industries - Industry,North American Industry Classification System (NAICS) Canada 2017 Version 3.0 - This industry comprises establishments| not classified to any other industry| primarily engaged in providing post-production…,http://www23.statcan.gc.ca/imdb/p3VD.pl?CLV=4&CPV=51219&CST=01012017&CVD=1182006&Function=getVD&MLV=5&TVD=1181553
NAICS 2017 Version 3.0 - 512190 - Post-production and other motion picture and video industries - Canadian industry,North American Industry Classification System (NAICS) Canada 2017 Version 3.0 - This Canadian industry comprises establishments| not classified to any other Canadian industry| primarily engaged in providing…,http://www23.statcan.gc.ca/imdb/p3VD.pl?CLV=5&CPV=512190&CST=01012017&CVD=1182718&Function=getVD&MLV=5&TVD=1181553
NAICS 2017 Version 3.0 - 81292 - Photo finishing services - Industry,North American Industry Classification System (NAICS) Canada 2017 Version 3.0 - This industry comprises establishments primarily engaged in developing film and making photographic slides| prints| and enlargements.…,http://www23.statcan.gc.ca/imdb/p3VD.pl?CLV=4&CPV=81292&CST=01012017&CVD=1182006&Function=getVD&MLV=5&TVD=1181553
Estimates of specialized greenhouse operations| greenhouse area| and months of operation (32-10-0019-01),Data on the operations and area of specialized greenhouse fruits| vegetables| flowers and plants.,https://www150.statcan.gc.ca/t1/tbl1/en/tv.action?pid=3210001901
Estimates of greenhouse total area and months of operation (32-10-0018-01),Data on the total greenhouse operations| area and total months of operation.,https://www150.statcan.gc.ca/t1/tbl1/en/tv.action?pid=3210001801
NAICS 2017 Version 3.0 - 326121 - Unlaminated plastic profile shape manufacturing - Canadian industry,North American Industry Classification System (NAICS) Canada 2017 Version 3.0 - This Canadian industry comprises establishments primarily engaged in converting plastics resins into unsupported plastic…,http://www23.statcan.gc.ca/imdb/p3VD.pl?CLV=5&CPV=326121&CST=01012017&CVD=1182718&Function=getVD&MLV=5&TVD=1181553
NAICS 2017 Version 3.0 - 443145 - Camera and photographic supplies stores - All examples,This Canadian industry comprises establishments primarily engaged in retailing new cameras| photographic equipment and photographic supplies.,http://www23.statcan.gc.ca/imdb/p3VD.pl?CLV=5&CPV=443145&CST=01012017&CVD=1182718&Function=getAllExample&MLV=5&TVD=1181553&V=370201&VST=01012017
NAICS 2017 Version 3.0 - 443145 - Camera and photographic supplies stores - Canadian industry,North American Industry Classification System (NAICS) Canada 2017 Version 3.0 - This Canadian industry comprises establishments primarily engaged in retailing new cameras| photographic equipment and photographic…,http://www23.statcan.gc.ca/imdb/p3VD.pl?CLV=5&CPV=443145&CST=01012017&CVD=1182718&Function=getVD&MLV=5&TVD=1181553
NAICS 2017 Version 3.0 - 326121 - Unlaminated plastic profile shape manufacturing - All examples,This Canadian industry comprises establishments primarily engaged in converting plastics resins into unsupported plastic profile shapes| except films| sheets and bags.,http://www23.statcan.gc.ca/imdb/p3VD.pl?CLV=5&CPV=326121&CST=01012017&CVD=1182718&Function=getAllExample&MLV=5&TVD=1181553&V=369983&VST=01012017
NAICS 2017 Version 3.0 - 512130 - Motion picture and video exhibition - All examples,This Canadian industry comprises establishments primarily engaged in exhibiting motion pictures.,http://www23.statcan.gc.ca/imdb/p3VD.pl?CLV=5&CPV=512130&CST=01012017&CVD=1182718&Function=getAllExample&MLV=5&TVD=1181553&V=370330&VST=01012017
NAICS 2017 Version 3.0 - 711322 - Festivals without facilities - All examples,This Canadian industry comprises establishments primarily engaged in organizing and promoting festivals in facilities operated by others.,http://www23.statcan.gc.ca/imdb/p3VD.pl?CLV=5&CPV=711322&CST=01012017&CVD=1182718&Function=getAllExample&MLV=5&TVD=1181553&V=370559&VST=01012017
NAICS 2017 Version 3.0 - 519122 - Archives - All examples,This Canadian industry comprises establishments primarily engaged in acquiring| researching| storing| and making accessible to the public| original historical documents| photographs| maps| audio or audio-visual…,http://www23.statcan.gc.ca/imdb/p3VD.pl?CLV=5&CPV=519122&CST=01012017&CVD=1182718&Function=getAllExample&MLV=5&TVD=1181553&V=370346&VST=01012017
NAICS 2017 Version 3.0 - 812921 - Photo finishing laboratories (except one-hour) - Canadian industry,North American Industry Classification System (NAICS) Canada 2017 Version 3.0 - This Canadian industry comprises establishments| known as commercial and professional photo finishing laboratories| primarily…,http://www23.statcan.gc.ca/imdb/p3VD.pl?CLV=5&CPV=812921&CST=01012017&CVD=1182718&Function=getVD&MLV=5&TVD=1181553
NAICS 2017 Version 3.0 - 812922 - One-hour photo finishing - Canadian industry,North American Industry Classification System (NAICS) Canada 2017 Version 3.0 - This Canadian industry comprises establishments| known as one-hour photo finishers| primarily engaged in developing film…,http://www23.statcan.gc.ca/imdb/p3VD.pl?CLV=5&CPV=812922&CST=01012017&CVD=1182718&Function=getVD&MLV=5&TVD=1181553
NAICS 2017 Version 3.0 - 512110 - Motion picture and video production - All examples,This Canadian industry comprises establishments primarily engaged in producing| or producing and distributing| motion pictures| videos| television programs or commercials.,http://www23.statcan.gc.ca/imdb/p3VD.pl?CLV=5&CPV=512110&CST=01012017&CVD=1182718&Function=getAllExample&MLV=5&TVD=1181553&V=370328&VST=01012017
NAICS 2017 Version 3.0 - 51212 - Motion picture and video distribution - Industry,North American Industry Classification System (NAICS) Canada 2017 Version 3.0 - This industry comprises establishments primarily engaged in acquiring distribution rights and distributing film and video…,http://www23.statcan.gc.ca/imdb/p3VD.pl?CLV=4&CPV=51212&CST=01012017&CVD=1182006&Function=getVD&MLV=5&TVD=1181553
NAICS 2017 Version 3.0 - 51213 - Motion picture and video exhibition - Industry,North American Industry Classification System (NAICS) Canada 2017 Version 3.0 - This industry comprises establishments primarily engaged in exhibiting motion pictures. Establishments primarily engaged…,http://www23.statcan.gc.ca/imdb/p3VD.pl?CLV=4&CPV=51213&CST=01012017&CVD=1182006&Function=getVD&MLV=5&TVD=1181553
NAICS 2017 Version 3.0 - 711322 - Festivals without facilities - Canadian industry,North American Industry Classification System (NAICS) Canada 2017 Version 3.0 - This Canadian industry comprises establishments primarily engaged in organizing and promoting festivals in facilities operated…,http://www23.statcan.gc.ca/imdb/p3VD.pl?CLV=5&CPV=711322&CST=01012017&CVD=1182718&Function=getVD&MLV=5&TVD=1181553
NAICS 2017 Version 3.0 - 326111 - Plastic bag and pouch manufacturing - Canadian industry,North American Industry Classification System (NAICS) Canada 2017 Version 3.0 - This Canadian industry comprises establishments primarily engaged in converting plastics resins into unsupported plastic…,http://www23.statcan.gc.ca/imdb/p3VD.pl?CLV=5&CPV=326111&CST=01012017&CVD=1182718&Function=getVD&MLV=5&TVD=1181553
NAICS 2017 Version 3.0 - 51224 - Sound recording studios - Industry,North American Industry Classification System (NAICS) Canada 2017 Version 3.0 - This industry comprises establishments primarily engaged in providing the facilities and technical expertise for sound recording…,http://www23.statcan.gc.ca/imdb/p3VD.pl?CLV=4&CPV=51224&CST=01012017&CVD=1182006&Function=getVD&MLV=5&TVD=1181553
NAICS 2017 Version 3.0 - 51521 - Pay and specialty television - Industry,North American Industry Classification System (NAICS) Canada 2017 Version 3.0 - This industry comprises establishments primarily engaged in broadcasting television programs| in a defined and limited format|…,http://www23.statcan.gc.ca/imdb/p3VD.pl?CLV=4&CPV=51521&CST=01012017&CVD=1182006&Function=getVD&MLV=5&TVD=1181553
NAICS 2017 Version 3.0 - 5152 - Pay and specialty television - Industry group,North American Industry Classification System (NAICS) Canada 2017 Version 3.0 - This industry group comprises establishments primarily engaged in broadcasting television programs| in a defined and limited…,http://www23.statcan.gc.ca/imdb/p3VD.pl?CLV=3&CPV=5152&CST=01012017&CVD=1181680&Function=getVD&MLV=5&TVD=1181553
NAICS 2017 Version 3.0 - 515210 - Pay and specialty television - All examples,This Canadian industry comprises establishments primarily engaged in broadcasting television programs| in a defined and limited format| such as family and youth-oriented| news| feature films| music| health|…,http://www23.statcan.gc.ca/imdb/p3VD.pl?CLV=5&CPV=515210&CST=01012017&CVD=1182718&Function=getAllExample&MLV=5&TVD=1181553&V=370338&VST=01012017
NAICS 2017 Version 3.0 - 414430 - Photographic equipment and supplies merchant wholesalers - All examples,This Canadian industry comprises establishments primarily engaged in wholesaling photographic equipment and supplies.,http://www23.statcan.gc.ca/imdb/p3VD.pl?CLV=5&CPV=414430&CST=01012017&CVD=1182718&Function=getAllExample&MLV=5&TVD=1181553&V=370142&VST=01012017
NAICS 2017 Version 3.0 - 414430 - Photographic equipment and supplies merchant wholesalers - Canadian industry,North American Industry Classification System (NAICS) Canada 2017 Version 3.0 - This Canadian industry comprises establishments primarily engaged in wholesaling photographic equipment and supplies. List of Illustrative example(s),http://www23.statcan.gc.ca/imdb/p3VD.pl?CLV=5&CPV=414430&CST=01012017&CVD=1182718&Function=getVD&MLV=5&TVD=1181553
NAICS 2017 Version 3.0 - 812922 - One-hour photo finishing - All examples,This Canadian industry comprises establishments| known as one-hour photo finishers| primarily engaged in developing film and printing still photographs| for the public| through the use of automated photo…,http://www23.statcan.gc.ca/imdb/p3VD.pl?CLV=5&CPV=812922&CST=01012017&CVD=1182718&Function=getAllExample&MLV=5&TVD=1181553&V=370628&VST=01012017
NAICS 2017 Version 3.0 - 512240 - Sound recording studios - Canadian industry,North American Industry Classification System (NAICS) Canada 2017 Version 3.0 - This Canadian industry comprises establishments primarily engaged in providing the facilities and technical expertise for…,http://www23.statcan.gc.ca/imdb/p3VD.pl?CLV=5&CPV=512240&CST=01012017&CVD=1182718&Function=getVD&MLV=5&TVD=1181553
NAICS 2017 Version 3.0 - 711512 - Independent actors| comedians and performers - All examples,This Canadian industry comprises independent individuals (freelance) primarily engaged in performing in artistic and cultural productions| or providing technical expertise necessary for these works.,http://www23.statcan.gc.ca/imdb/p3VD.pl?CLV=5&CPV=711512&CST=01012017&CVD=1182718&Function=getAllExample&MLV=5&TVD=1181553&V=370564&VST=01012017
NAICS 2017 Version 3.0 - 322220 - Paper bag and coated and treated paper manufacturing - Canadian industry,North American Industry Classification System (NAICS) Canada 2017 Version 3.0 - This Canadian industry comprises establishments primarily engaged in manufacturing paper bags| and coated and treated paper…,http://www23.statcan.gc.ca/imdb/p3VD.pl?CLV=5&CPV=322220&CST=01012017&CVD=1182718&Function=getVD&MLV=5&TVD=1181553
NAICS 2017 Version 3.0 - 515210 - Pay and specialty television - Canadian industry,North American Industry Classification System (NAICS) Canada 2017 Version 3.0 - This Canadian industry comprises establishments primarily engaged in broadcasting television programs| in a defined and limited…,http://www23.statcan.gc.ca/imdb/p3VD.pl?CLV=5&CPV=515210&CST=01012017&CVD=1182718&Function=getVD&MLV=5&TVD=1181553
NAICS 2017 Version 3.0 - 51912 - Libraries and archives - Industry,North American Industry Classification System (NAICS) Canada 2017 Version 3.0 - This industry comprises establishments primarily engaged in providing library or archive services. These establishments maintain…,http://www23.statcan.gc.ca/imdb/p3VD.pl?CLV=4&CPV=51912&CST=01012017&CVD=1182006&Function=getVD&MLV=5&TVD=1181553
NAICS 2017 Version 3.0 - 512240 - Sound recording studios - All examples,This Canadian industry comprises establishments primarily engaged in providing the facilities and technical expertise for sound recording in a studio| and audio production and post-production services…,http://www23.statcan.gc.ca/imdb/p3VD.pl?CLV=5&CPV=512240&CST=01012017&CVD=1182718&Function=getAllExample&MLV=5&TVD=1181553&V=370333&VST=01012017
NAICS 2017 Version 3.0 - 512130 - Motion picture and video exhibition - Canadian industry,North American Industry Classification System (NAICS) Canada 2017 Version 3.0 - This Canadian industry comprises establishments primarily engaged in exhibiting motion pictures. List of Illustrative example(s)| Inclusion(s),http://www23.statcan.gc.ca/imdb/p3VD.pl?CLV=5&CPV=512130&CST=01012017&CVD=1182718&Function=getVD&MLV=5&TVD=1181553
NAICS 2017 Version 3.0 - 519122 - Archives - Canadian industry,North American Industry Classification System (NAICS) Canada 2017 Version 3.0 - This Canadian industry comprises establishments primarily engaged in acquiring| researching| storing| and making accessible…,http://www23.statcan.gc.ca/imdb/p3VD.pl?CLV=5&CPV=519122&CST=01012017&CVD=1182718&Function=getVD&MLV=5&TVD=1181553
NAICS 2017 Version 3.0 - 541920 - Photographic services - Canadian industry,North American Industry Classification System (NAICS) Canada 2017 Version 3.0 - This Canadian industry comprises establishments primarily engaged in providing still| video or computer photography services|…,http://www23.statcan.gc.ca/imdb/p3VD.pl?CLV=5&CPV=541920&CST=01012017&CVD=1182718&Function=getVD&MLV=5&TVD=1181553
NAICS 2017 Version 3.0 - 325999 - All other miscellaneous chemical product manufacturing - All examples,This Canadian industry comprises establishments| not classified to any other Canadian industry| primarily engaged in manufacturing chemical products.,http://www23.statcan.gc.ca/imdb/p3VD.pl?CLV=5&CPV=325999&CST=01012017&CVD=1182718&Function=getAllExample&MLV=5&TVD=1181553&V=369980&VST=01012017
NAICS 2017 Version 3.0 - 322220 - Paper bag and coated and treated paper manufacturing - All examples,This Canadian industry comprises establishments primarily engaged in manufacturing paper bags| and coated and treated paper and paperboard products| from purchased paper and other flexible film materials.,http://www23.statcan.gc.ca/imdb/p3VD.pl?CLV=5&CPV=322220&CST=01012017&CVD=1182718&Function=getAllExample&MLV=5&TVD=1181553&V=369947&VST=01012017
The Daily — Streaming sales drive growth in Canada's sound recording industries,Release published in The Daily – Statistics Canada's official release bulletin,https://www150.statcan.gc.ca/n1/daily-quotidien/210330/dq210330e-eng.htm
NAICS 2017 Version 3.0 - 3261 - Plastic product manufacturing - Industry group,North American Industry Classification System (NAICS) Canada 2017 Version 3.0 - This industry group comprises establishments primarily engaged in manufacturing intermediate or final products from plastics…,http://www23.statcan.gc.ca/imdb/p3VD.pl?CLV=3&CPV=3261&CST=01012017&CVD=1181680&Function=getVD&MLV=5&TVD=1181553
NAICS 2017 Version 3.0 - 333310 - Commercial and service industry machinery manufacturing - All examples,This Canadian industry comprises establishments primarily engaged in manufacturing machinery for use in commercial and service industries.,http://www23.statcan.gc.ca/imdb/p3VD.pl?CLV=5&CPV=333310&CST=01012017&CVD=1182718&Function=getAllExample&MLV=5&TVD=1181553&V=370049&VST=01012017
NAICS 2017 Version 3.0 - 533110 - Lessors of non-financial intangible assets (except copyrighted works) - Canadian industry,North American Industry Classification System (NAICS) Canada 2017 Version 3.0 - This Canadian industry comprises establishments primarily engaged in holding non-financial intangible assets such as patents|…,http://www23.statcan.gc.ca/imdb/p3VD.pl?CLV=5&CPV=533110&CST=01012017&CVD=1182718&Function=getVD&MLV=5&TVD=1181553
NAICS 2017 Version 3.0 - 711311 - Live theatres and other performing arts presenters with facilities - Canadian industry,North American Industry Classification System (NAICS) Canada 2017 Version 3.0 - This Canadian industry comprises establishments primarily engaged in operating live theatres and other arts facilities| and…,http://www23.statcan.gc.ca/imdb/p3VD.pl?CLV=5&CPV=711311&CST=01012017&CVD=1182718&Function=getVD&MLV=5&TVD=1181553
NAICS 2017 Version 3.0 - 561310 - Employment placement agencies and executive search services - All examples,This Canadian industry comprises establishments primarily engaged in listing employment vacancies and selecting| referring and placing applicants in employment| either on a permanent or temporary basis.…,http://www23.statcan.gc.ca/imdb/p3VD.pl?CLV=5&CPV=561310&CST=01012017&CVD=1182718&Function=getAllExample&MLV=5&TVD=1181553&V=370466&VST=01012017
NAICS 2017 Version 3.0 - 493190 - Other warehousing and storage - All examples,This Canadian industry comprises establishments| not classified to any other Canadian industry| primarily engaged in operating warehousing and storage facilities. These establishments operate facilities…,http://www23.statcan.gc.ca/imdb/p3VD.pl?CLV=5&CPV=493190&CST=01012017&CVD=1182718&Function=getAllExample&MLV=5&TVD=1181553&V=370320&VST=01012017
NAICS 2017 Version 3.0 - 541380 - Testing laboratories - All examples,This Canadian industry comprises establishments primarily engaged in providing physical| chemical and other analytical testing services.,http://www23.statcan.gc.ca/imdb/p3VD.pl?CLV=5&CPV=541380&CST=01012017&CVD=1182718&Function=getAllExample&MLV=5&TVD=1181553&V=370434&VST=01012017
NAICS 2017 Version 3.0 - 334610 - Manufacturing and reproducing magnetic and optical media - Canadian industry,North American Industry Classification System (NAICS) Canada 2017 Version 3.0 - This Canadian industry comprises establishments primarily engaged in manufacturing magnetic and optical media| and the mass…,http://www23.statcan.gc.ca/imdb/p3VD.pl?CLV=5&CPV=334610&CST=01012017&CVD=1182718&Function=getVD&MLV=5&TVD=1181553
NAICS 2017 Version 3.0 - 512110 - Motion picture and video production - Canadian industry,North American Industry Classification System (NAICS) Canada 2017 Version 3.0 - This Canadian industry comprises establishments primarily engaged in producing| or producing and distributing| motion pictures|…,http://www23.statcan.gc.ca/imdb/p3VD.pl?CLV=5&CPV=512110&CST=01012017&CVD=1182718&Function=getVD&MLV=5&TVD=1181553
NAICS 2017 Version 3.0 - 326130 - Laminated plastic plate| sheet (except packaging)| and shape manufacturing - Canadian industry,North American Industry Classification System (NAICS) Canada 2017 Version 3.0 - This Canadian industry comprises establishments primarily engaged in laminating plastic profile shapes| such as plates| sheets…,http://www23.statcan.gc.ca/imdb/p3VD.pl?CLV=5&CPV=326130&CST=01012017&CVD=1182718&Function=getVD&MLV=5&TVD=1181553
NAICS 2017 Version 3.0 - 532490 - Other commercial and industrial machinery and equipment rental and leasing - All examples,This Canadian industry comprises establishments| not classified to any other Canadian industry| primarily engaged in renting or leasing commercial and industrial machinery and equipment.,http://www23.statcan.gc.ca/imdb/p3VD.pl?CLV=5&CPV=532490&CST=01012017&CVD=1182718&Function=getAllExample&MLV=5&TVD=1181553&V=370419&VST=01012017
NAICS 2017 Version 3.0 - 561990 - All other support services - All examples,This Canadian industry comprises establishments| not classified to any other Canadian industry| primarily engaged in providing support services.,http://www23.statcan.gc.ca/imdb/p3VD.pl?CLV=5&CPV=561990&CST=01012017&CVD=1182718&Function=getAllExample&MLV=5&TVD=1181553&V=370492&VST=01012017
NAICS 2017 Version 3.0 - 532280 - All other consumer goods rental - All examples,This Canadian industry comprises establishments| not classified to any other Canadian industry| primarily engaged in renting consumer goods.,http://www23.statcan.gc.ca/imdb/p3VD.pl?CLV=5&CPV=532280&CST=01012017&CVD=1182718&Function=getAllExample&MLV=5&TVD=1181553&V=370415&VST=01012017
NAICS 2017 Version 3.0 - 333310 - Commercial and service industry machinery manufacturing - Canadian industry,North American Industry Classification System (NAICS) Canada 2017 Version 3.0 - This Canadian industry comprises establishments primarily engaged in manufacturing machinery for use in commercial and service…,http://www23.statcan.gc.ca/imdb/p3VD.pl?CLV=5&CPV=333310&CST=01012017&CVD=1182718&Function=getVD&MLV=5&TVD=1181553
NAICS 2017 Version 3.0 - 335990 - All other electrical equipment and component manufacturing - All examples,This Canadian industry comprises establishments| not classified to any other Canadian industry| primarily engaged in manufacturing electrical equipment and components.,http://www23.statcan.gc.ca/imdb/p3VD.pl?CLV=5&CPV=335990&CST=01012017&CVD=1182718&Function=getAllExample&MLV=5&TVD=1181553&V=370079&VST=01012017
NAICS 2017 Version 3.0 - 333248 - All other industrial machinery manufacturing - Canadian industry,North American Industry Classification System (NAICS) Canada 2017 Version 3.0 - This Canadian industry comprises establishments| not classified to any other Canadian industry| primarily engaged in manufacturing…,http://www23.statcan.gc.ca/imdb/p3VD.pl?CLV=5&CPV=333248&CST=01012017&CVD=1182718&Function=getVD&MLV=5&TVD=1181553
NAICS 2017 Version 3.0 - 418220 - Other paper and disposable plastic product merchant wholesalers - All examples,This Canadian industry comprises establishments primarily engaged in wholesaling paper and disposable household products| such as facial tissues and toilet paper| waxed paper| paper towels and napkins|…,http://www23.statcan.gc.ca/imdb/p3VD.pl?CLV=5&CPV=418220&CST=01012017&CVD=1182718&Function=getAllExample&MLV=5&TVD=1181553&V=370177&VST=01012017
NAICS 2017 Version 3.0 - 326198 - All other plastic product manufacturing - Canadian industry,North American Industry Classification System (NAICS) Canada 2017 Version 3.0 - This Canadian industry comprises establishments| not classified to any other Canadian industry| primarily engaged in manufacturing…,http://www23.statcan.gc.ca/imdb/p3VD.pl?CLV=5&CPV=326198&CST=01012017&CVD=1182718&Function=getVD&MLV=5&TVD=1181553
NAICS 2017 Version 3.0 - 325220 - Artificial and synthetic fibres and filaments manufacturing - Canadian industry,North American Industry Classification System (NAICS) Canada 2017 Version 3.0 - This Canadian industry comprises establishments primarily engaged in manufacturing artificial and synthetic fibres and filaments…,http://www23.statcan.gc.ca/imdb/p3VD.pl?CLV=5&CPV=325220&CST=01012017&CVD=1182718&Function=getVD&MLV=5&TVD=1181553
NAICS 2017 Version 3.0 - 541430 - Graphic design services - Canadian industry,North American Industry Classification System (NAICS) Canada 2017 Version 3.0 - This Canadian industry comprises establishments primarily engaged in planning| designing and managing the production of visual…,http://www23.statcan.gc.ca/imdb/p3VD.pl?CLV=5&CPV=541430&CST=01012017&CVD=1182718&Function=getVD&MLV=5&TVD=1181553
NAICS 2017 Version 3.0 - 325220 - Artificial and synthetic fibres and filaments manufacturing - All examples,This Canadian industry comprises establishments primarily engaged in manufacturing artificial and synthetic fibres and filaments in the form of monofilament| filament yarn| staple or tow. Artificial fibres…,http://www23.statcan.gc.ca/imdb/p3VD.pl?CLV=5&CPV=325220&CST=01012017&CVD=1182718&Function=getAllExample&MLV=5&TVD=1181553&V=369968&VST=01012017
NAICS 2017 Version 3.0 - 238310 - Drywall and insulation contractors - All examples,This Canadian industry comprises establishments primarily engaged in drywall| plaster work| and building insulation work. Plaster work includes applying plain or ornamental plaster| and installation of…,http://www23.statcan.gc.ca/imdb/p3VD.pl?CLV=5&CPV=238310&CST=01012017&CVD=1182718&Function=getAllExample&MLV=5&TVD=1181553&V=369855&VST=01012017
NAICS 2017 Version 3.0 - 418410 - Chemical (except agricultural) and allied product merchant wholesalers - All examples,This Canadian industry comprises establishments primarily engaged in wholesaling industrial and household chemicals| cleaning compounds and preparations| plastics resins| plastic basic forms and shapes| and industrial gases.,http://www23.statcan.gc.ca/imdb/p3VD.pl?CLV=5&CPV=418410&CST=01012017&CVD=1182718&Function=getAllExample&MLV=5&TVD=1181553&V=370181&VST=01012017
NAICS 2017 Version 3.0 - 416390 - Other specialty-line building supplies merchant wholesalers - All examples,This Canadian industry comprises establishments| not classified to any other Canadian industry| primarily engaged in wholesaling specialized lines of building supplies.,http://www23.statcan.gc.ca/imdb/p3VD.pl?CLV=5&CPV=416390&CST=01012017&CVD=1182718&Function=getAllExample&MLV=5&TVD=1181553&V=370162&VST=01012017
NAICS 2017 Version 3.0 - 334410 - Semiconductor and other electronic component manufacturing - All examples,This Canadian industry comprises establishments primarily engaged in manufacturing semiconductors and other electronic components.  The following activities involving printed circuit boards are undertaken…,http://www23.statcan.gc.ca/imdb/p3VD.pl?CLV=5&CPV=334410&CST=01012017&CVD=1182718&Function=getAllExample&MLV=5&TVD=1181553&V=370064&VST=01012017
NAICS 2017 Version 3.0 - 911910 - Other federal government public administration - All examples,This Canadian industry comprises establishments of the federal government| not classified to any other Canadian industry| primarily engaged in executive and legislative activities; fiscal and related policies…,http://www23.statcan.gc.ca/imdb/p3VD.pl?CLV=5&CPV=911910&CST=01012017&CVD=1182718&Function=getAllExample&MLV=5&TVD=1181553&V=370652&VST=01012017
Wholesale trade| commodities based on North American Product Classification System Canada 2017 (20-10-0015-01),Wholesale trade| financial statistics which include: sales of goods (dollars x 1|000) and cost of goods sold (dollars x 1|000)| by wholesale commodities classified under the North American Product Classification ...,https://www150.statcan.gc.ca/t1/tbl1/en/tv.action?pid=2010001501
Web Data Service (WDS) User Guide,Table of contents Table of contents Revision History Purpose of document Summary Availability Technology Useful definitions Information for legacy CANSIM users Suggested WDS usage API methods and examples:…,https://www.statcan.gc.ca/en/developers/wds/user-guide
NAICS 2017 Version 3.0 - 331490 - Non-ferrous metal (except copper and aluminum) rolling| drawing| extruding and alloying - All examples,This Canadian industry comprises establishments| not classified to any other Canadian industry| primarily engaged in rolling| drawing| extruding and re-alloying non-ferrous metals| to produce products…,http://www23.statcan.gc.ca/imdb/p3VD.pl?CLV=5&CPV=331490&CST=01012017&CVD=1182718&Function=getAllExample&MLV=5&TVD=1181553&V=370016&VST=01012017
Principal statistics for manufacturing industries| by North American Industry Classification System (NAICS) (16-10-0117-01),This table contains 86609 series| with data for years 2012 - 2016 (not all combinations necessarily have data for all years). This table contains data described by the following dimensions (Not all combinations ...,https://www150.statcan.gc.ca/t1/tbl1/en/tv.action?pid=1610011701
National Occupational Classification (NOC) Correspondence Tables – 2016 V1.3 -2021 V1.0 and 2021 V1.0 -2016 V1.3 – Preliminary Version,Release date: March 1| 2021 In November 2020| Statistics Canada announced a structural revision of the National Occupational Classification for 2021| a collaborative partnership between Statistics Canada…,https://www.statcan.gc.ca/en/concepts/consult-noc/noc-correspondence-prelim
Mandatory surveys,The Chief Statistician has the authority to approve the collection of information on a mandatory basis. This approach to survey collection is adopted only when thorough analysis by Statistics Canada demonstrates…,https://www.statcan.gc.ca/en/about/accountability/surveys
Canadian Business Counts| without employees| December 2020 (33-10-0305-01),Canadian Business Counts| location counts without employees| by North American Industry Classification System (NAICS)| Canada and provinces| December 2020.,https://www150.statcan.gc.ca/t1/tbl1/en/tv.action?pid=3310030501
Canadian Business Counts| with employees| December 2020 (33-10-0304-01),Canadian Business Counts| location counts with employees| by employment size ranges and North American Industry Classification System (NAICS)| Canada and provinces| December 2020.,https://www150.statcan.gc.ca/t1/tbl1/en/tv.action?pid=3310030401
The Daily — Services-producing industries led growth in commercial services exports in 2018,Release published in The Daily – Statistics Canada's official release bulletin,https://www150.statcan.gc.ca/n1/daily-quotidien/201207/dq201207b-eng.htm
Canada's services exports through the lens of digital trade (13-605-X202000100005),Digital delivery is one of four primary modes of supplying services to another country| alongside in-person delivery| either through the customer or the supplier traveling to their counterpart| or by establishing ...,https://www150.statcan.gc.ca/n1/pub/13-605-x/2020001/article/00005-eng.htm
Postsecondary graduates| by detailed field of study and International Standard Classification of Education (37-10-0183-01),The number of postsecondary graduates| by Classification of Instructional Programs (CIP) 2016 - Cannabis groupings (2 and 4 digit series)| International Standard Classification of Education (ISCED)| institution ...,https://www150.statcan.gc.ca/t1/tbl1/en/tv.action?pid=3710018301
Postsecondary enrolments| by detailed field of study and International Standard Classification of Education (37-10-0182-01),The number of postsecondary enrolments| by Classification of Instructional Programs (CIP) 2016 - Cannabis groupings (2 and 4 digit series)| International Standard Classification of Education (ISCED)| institution ...,https://www150.statcan.gc.ca/t1/tbl1/en/tv.action?pid=3710018201
Interprovincial and international trade flows| basic prices| detail level (12-10-0101-01),The interprovincial and international trade flows shows the origin and destination of trade flows by product among Canadian provinces and territories and from and to the rest of the world. The information ...,https://www150.statcan.gc.ca/t1/tbl1/en/tv.action?pid=1210010101
Supply and use tables| link-1997 level (36-10-0479-01),The supply and use tables (SUT) trace the production of products by domestic industries| combined with imports| through their uses by industries or as final consumption| investment or exports. The system ...,https://www150.statcan.gc.ca/t1/tbl1/en/tv.action?pid=3610047901
Supply and use tables| detail level| provincial and territorial (36-10-0478-01),The supply and use tables (SUT) trace the production of products by domestic industries| combined with imports| through their uses by industries or as final consumption| investment or exports. The system ...,https://www150.statcan.gc.ca/t1/tbl1/en/tv.action?pid=3610047801
Which Master's Degree Programs Were Associated with the Highest Pay Prior to the COVID-19 Pandemic?  A Focus on Very Detailed Fields of Study (11-626-X2020019),This study reports on the median earnings of master's degree graduates five years after graduation (prior to the COVID-19 pandemic)| after adjusting for age| institution| and year of graduation. Results ...,https://www150.statcan.gc.ca/n1/pub/11-626-x/11-626-x2020019-eng.htm
Canadian Business Counts| with employees| June 2020 (33-10-0267-01),Canadian Business Counts| location counts with employees| by employment size ranges and North American Industry Classification System (NAICS)| Canada and provinces| June 2020.,https://www150.statcan.gc.ca/t1/tbl1/en/tv.action?pid=3310026701
Canadian Business Counts| without employees| June 2020 (33-10-0268-01),Canadian Business Counts| location counts without employees| by North American Industry Classification System (NAICS)| Canada and provinces| June 2020.,https://www150.statcan.gc.ca/t1/tbl1/en/tv.action?pid=3310026801
Agriculture and agri-food economic account (36-10-0623-01),This product enhances the industrial detail available for the agricultural and agri-food manufacturing sector within the national accounting framework. This detail allows users to analyze the supply and ...,https://www150.statcan.gc.ca/t1/tbl1/en/tv.action?pid=3610062301
The Daily — Launch of Culture Statistics Portal,Release published in The Daily – Statistics Canada's official release bulletin,https://www150.statcan.gc.ca/n1/daily-quotidien/200317/dq200317e-eng.htm
Delta File User Guide,Table of contents Table of contents Revision History Purpose of document Summary Availability Technology Useful definitions Information for legacy CANSIM users Delta File Package Data file details Notes…,https://www.statcan.gc.ca/en/developers/df/user-guide
By the numbers - Halloween,Quick facts about Halloween.,https://www.statcan.gc.ca/en/dai/smr08/2019/smr08_233
Canadian Business Counts| without employees| December 2019 (33-10-0223-01),Canadian Business Counts| location counts without employees| by North American Industry Classification System (NAICS)| Canada and provinces| December 2019.,https://www150.statcan.gc.ca/t1/tbl1/en/tv.action?pid=3310022301
Canadian Business Counts| with employees| December 2019 (33-10-0222-01),Canadian Business Counts| location counts with employees| by employment size ranges and North American Industry Classification System (NAICS)| Canada and provinces| December 2019.,https://www150.statcan.gc.ca/t1/tbl1/en/tv.action?pid=3310022201
Canadian Business Counts| with employees| June 2019 (33-10-0214-01),Canadian Business Counts| location counts with employees| by employment size ranges and North American Industry Classification System (NAICS)| Canada and provinces| June 2019.,https://www150.statcan.gc.ca/t1/tbl1/en/tv.action?pid=3310021401
Canadian Business Counts| without employees| June 2019 (33-10-0215-01),Canadian Business Counts| location counts without employees| by North American Industry Classification System (NAICS)| Canada and provinces| June 2019.,https://www150.statcan.gc.ca/t1/tbl1/en/tv.action?pid=3310021501
Government Expenditures on Culture: Data Tables (87F0001X),This product provides financial data on cultural activities funded by all levels of government. Included are expenditures on libraries| heritage activities| performing arts| literary arts| visual arts ...,https://www150.statcan.gc.ca/n1/en/catalogue/87F0001X
Canadian Business Counts| with employees| December 2018 (33-10-0105-01),Canadian Business Counts| location counts with employees| by employment size ranges and North American Industry Classification System (NAICS)| Canada and provinces| December 2018.,https://www150.statcan.gc.ca/t1/tbl1/en/tv.action?pid=3310010501
Canadian Business Counts| without employees| December 2018 (33-10-0106-01),Canadian Business Counts| location counts without employees| by North American Industry Classification System (NAICS)| Canada and provinces| December 2018.,https://www150.statcan.gc.ca/t1/tbl1/en/tv.action?pid=3310010601
Halloween... by the numbers,Wednesday| October 31 is Halloween! Here is a selection of statistics related to the spooky occasion.,https://www.statcan.gc.ca/en/dai/smr08/2018/smr08_227_2018
Standing on the shoulders of giants ,,
History of Statistics Canada: 1970 to 2008 (89-20-00012018001),Historical works allow readers to peer into the past| not only to satisfy our curiosity about “the way things were|” but also to see how far we’ve come| and to learn from the past. For Statistics Canada ...,https://www150.statcan.gc.ca/n1/pub/89-20-0001/892000012018001-eng.htm
Canadian Business Counts| without employees| June 2018 (33-10-0094-01),Canadian Business Counts| location counts without employees| by North American Industry Classification System (NAICS)| Canada and provinces| June 2018.,https://www150.statcan.gc.ca/t1/tbl1/en/tv.action?pid=3310009401
Canadian Business Counts| with employees| June 2018 (33-10-0092-01),Canadian Business Counts| location counts with employees| by employment size ranges and North American Industry Classification System (NAICS)| Canada and provinces| June 2018.,https://www150.statcan.gc.ca/t1/tbl1/en/tv.action?pid=3310009201
Average lowest and average highest full-time hourly wages paid at business locations by occupation (14-10-0080-01),Average lowest and average highest full-time hourly wages paid at business locations by National Occupational Classification (NOC)| 2016 and 2017.,https://www150.statcan.gc.ca/t1/tbl1/en/tv.action?pid=1410008001
Average full-time hourly wage paid and payroll employment by type of work| economic region and occupation (14-10-0001-01),Average full-time hourly wage paid and payroll employment by type of work| economic region and National Occupational Classification (NOC)| 2016 and 2017.,https://www150.statcan.gc.ca/t1/tbl1/en/tv.action?pid=1410000101
2016 Census Data tables – Major Field of Study - Classification of Instructional Programs (CIP) 2016 (432)| Occupation - National Occupational Classification (NOC) 2016 (693A)| Highest Certificate| Diploma or Degree (11)| Age (4D) and Sex (3) for the Population Aged 15 Years and Over in Private Households of Canada| 2016 Census - 25% Sample Data,This table presents: Major Field of Study - Classification of Instructional Programs  2016 | Occupation - National Occupational Classification  2016 | Highest Certificate| Diploma or Degree | Age  and…,https://www12.statcan.gc.ca/census-recensement/2016/dp-pd/dt-td/Rp-eng.cfm?APATH=3&DETAIL=0&DIM=0&FL=A&FREE=0&GC=0&GID=0&GK=0&GRP=1&LANG=E&PID=111838&PRID=10&PTYPE=109445&S=0&SHOWALL=0&SUB=0&THEME=123&Temporal=2016&VID=0&VNAMEE=&VNAMEF=
2016 Census Data tables – Employment Income Statistics (7)| Work Activity During the Reference Year (5)| Occupation - National Occupational Classification (NOC) 2016 (693A)| Highest Certificate| Diploma or Degree (15)| Age (4D) and Sex (3) for the Population Aged 15 Years and Over in Private Households of Canada| 2016 Census - 25% Sample Data,This table presents: Employment Income Statistics | Work Activity During the Reference Year | Occupation - National Occupational Classification  2016 | Highest Certificate| Diploma or Degree | Age  and…,https://www12.statcan.gc.ca/census-recensement/2016/dp-pd/dt-td/Rp-eng.cfm?APATH=3&DETAIL=0&DIM=0&FL=A&FREE=0&GC=0&GID=0&GK=0&GRP=1&LANG=E&PID=113339&PRID=10&PTYPE=109445&S=0&SHOWALL=0&SUB=0&THEME=123&Temporal=2016&VID=0&VNAMEE=&VNAMEF=
2016 Census Data tables – Occupation - National Occupational Classification (NOC) 2016 (693A)| Highest Certificate| Diploma or Degree (15)| Admission Category and Applicant Type (31)| Period of Immigration (7)| Age (5A) and Sex (3) for the Immigrant Population Who Landed Between 1980 and 2016 Aged 15 Years and Over| in Private Households of Canada| Provinces and Territories| 2016 Census - 25% Sample Data,This table presents: Occupation - National Occupational Classification  2016 | Highest Certificate| Diploma or Degree | Admission Category and Applicant Type | Period of Immigration | Age  and Sex  for…,https://www12.statcan.gc.ca/census-recensement/2016/dp-pd/dt-td/Rp-eng.cfm?APATH=3&DETAIL=0&DIM=0&FL=A&FREE=0&GC=0&GID=0&GK=0&GRP=1&LANG=E&PID=112138&PRID=10&PTYPE=109445&S=0&SHOWALL=0&SUB=0&THEME=120&Temporal=2016&VID=0&VNAMEE=&VNAMEF=
2016 Census Data tables – First Official Language Spoken (7)| Occupation - National Occupational Classification (NOC) 2016 (691)| Highest Certificate| Diploma or Degree (15) and Immigrant Status and Admission Category (12) for the Population Aged 15 Years and Over Who Worked Since 2015| in Private Households of Canada| Provinces and Territories| Census Metropolitan Areas and Census Agglomerations| 2016 Census - 25% Sample Data,This table presents: First Official Language Spoken | Occupation - National Occupational Classification  2016 | Highest Certificate| Diploma or Degree  and Immigrant Status and Admission Category  for…,https://www12.statcan.gc.ca/census-recensement/2016/dp-pd/dt-td/Rp-eng.cfm?APATH=3&DETAIL=0&DIM=0&FL=A&FREE=0&GC=0&GID=0&GK=0&GRP=1&LANG=E&PID=112455&PRID=10&PTYPE=109445&S=0&SHOWALL=0&SUB=0&THEME=132&Temporal=2016&VID=0&VNAMEE=&VNAMEF=
Occupation - National Occupational Classification (NOC) 2016 (691)| Employment Income Statistics (3)| Highest Certificate| Diploma or Degree (7)| Visible Minority (15)| Work Activity During the Reference Year (4)| Age (4D) and Sex (3) for the Population Aged 15 Years and Over Who Worked in 2015 and Reported Employment Income in 2015| in Private Households of Canada| Provinces and Territories and Census Metropolitan Areas| 2016 Census - 25% Sample Data,This table presents occupation - National Occupational Classification (NOC) 2016| employment income statistics| highest certificate| diploma or degree| visible minority| work activity during the reference…,https://www12.statcan.gc.ca/census-recensement/2016/dp-pd/dt-td/Rp-eng.cfm?APATH=3&DETAIL=0&DIM=0&FL=A&FREE=0&GC=0&GID=0&GK=0&GRP=1&LANG=E&PID=112125&PRID=10&PTYPE=109445&S=0&SHOWALL=0&SUB=0&THEME=124&Temporal=2016&VID=0&VNAMEE=&VNAMEF=
Occupation - National Occupational Classification (NOC) 2016 (691)| Employment Income Statistics (3)| Highest Certificate| Diploma or Degree (7)| Aboriginal Identity (9)| Work Activity During the Reference Year (4)| Age (4D) and Sex (3) for the Population Aged 15 Years and Over Who Worked in 2015 and Reported Employment Income in 2015| in Private Households of Canada| Provinces and Territories and Census Metropolitan Areas| 2016 Census - 25% Sample Data,This table presents occupation - National Occupational Classification (NOC) 2016| employment income statistics| highest certificate| diploma or degree| Aboriginal identity| work activity during the reference…,https://www12.statcan.gc.ca/census-recensement/2016/dp-pd/dt-td/Rp-eng.cfm?APATH=3&DETAIL=0&DIM=0&FL=A&FREE=0&GC=0&GID=0&GK=0&GRP=1&LANG=E&PID=112126&PRID=10&PTYPE=109445&S=0&SHOWALL=0&SUB=0&THEME=124&Temporal=2016&VID=0&VNAMEE=&VNAMEF=
Occupation - National Occupational Classification (NOC) 2016 (693A)| Industry - North American Industry Classification System (NAICS) 2012 (23A)| Labour Force Status (3)| Age (5) and Sex (3) for the Labour Force Aged 15 Years and Over in Private Households of Canada| Provinces and Territories| Census Metropolitan Areas and Census Agglomerations| 2016 Census - 25% Sample Data,This table presents occupation - National Occupational Classification (NOC) 2016| industry - North American Industry Classification System (NAICS) 2012| labour force status| age and sex for the labour…,https://www12.statcan.gc.ca/census-recensement/2016/dp-pd/dt-td/Rp-eng.cfm?APATH=3&DETAIL=0&DIM=0&FL=A&FREE=0&GC=0&GID=0&GK=0&GRP=1&LANG=E&PID=111858&PRID=10&PTYPE=109445&S=0&SHOWALL=0&SUB=0&THEME=124&Temporal=2016&VID=0&VNAMEE=&VNAMEF=
Occupation - National Occupational Classification (NOC) 2016 (691)| Employment Income Statistics (3)| Highest Certificate| Diploma or Degree (7)| Immigrant Status and Period of Immigration (10)| Work Activity During the Reference Year (4)| Age (5A) and Sex (3) for the Population Aged 15 Years and Over Who Worked in 2015 and Reported Employment Income in 2015| in Private Households of Canada| Provinces and Territories| 2016 Census - 25% Sample Data,This table presents occupation - National Occupational Classification (NOC) 2016| employment income statistics| highest certificate| diploma or degree| immigrant status and period of immigration| work…,https://www12.statcan.gc.ca/census-recensement/2016/dp-pd/dt-td/Rp-eng.cfm?APATH=3&DETAIL=0&DIM=0&FL=A&FREE=0&GC=0&GID=0&GK=0&GRP=1&LANG=E&PID=112123&PRID=10&PTYPE=109445&S=0&SHOWALL=0&SUB=0&THEME=124&Temporal=2016&VID=0&VNAMEE=&VNAMEF=
The 2010 to 2014 revisions of the Provincial and Territorial Culture Indicators (13-605-X201800154907),With the release of the 2015 and 2016 estimates of the Provincial and Territorial Culture Indicators in February of 2018| data were revised for 2010 to 2014. The 2013 Provincial and Territorial Culture ...,https://www150.statcan.gc.ca/n1/pub/13-605-x/2018001/article/54907-eng.htm
First Official Language Spoken (7)| Employment Income Statistics (7)| Occupation - National Occupational Classification (NOC) 2016 (691)| Work Activity During the Reference Year (4)| Age (6B) and Sex (3) for the Population Aged 15 Years and Over Who Worked in 2015| in Private Households of Canada| Provinces and Territories and Census Metropolitan Areas| 2016 Census - 25% Sample Data,This table presents first official language spoken| employment income statistics| occupation - National Occupational Classification (NOC) 2016| work activity during the reference year| age and sex for…,https://www12.statcan.gc.ca/census-recensement/2016/dp-pd/dt-td/Rp-eng.cfm?APATH=3&DETAIL=0&DIM=0&FL=A&FREE=0&GC=0&GID=0&GK=0&GRP=1&LANG=E&PID=112142&PRID=10&PTYPE=109445&S=0&SHOWALL=0&SUB=0&THEME=132&Temporal=2016&VID=0&VNAMEE=&VNAMEF=
Occupation - National Occupational Classification (NOC) 2016 (693A)| Class of Worker (5A)| Labour Force Status (3)| Age (13A) and Sex (3) for the Labour Force Aged 15 Years and Over in Private Households of Canada| Provinces and Territories| Census Metropolitan Areas and Census Agglomerations| 2016 Census - 25% Sample Data,This table presents occupation - National occupational classification (NOC) 2016| class of worker| labour force status| age and sex for the labour force aged 15 years and over in private households of…,https://www12.statcan.gc.ca/census-recensement/2016/dp-pd/dt-td/Rp-eng.cfm?APATH=3&DETAIL=0&DIM=0&FL=A&FREE=0&GC=0&GID=0&GK=0&GRP=1&LANG=E&PID=111856&PRID=10&PTYPE=109445&S=0&SHOWALL=0&SUB=0&THEME=124&Temporal=2016&VID=0&VNAMEE=&VNAMEF=
First Official Language Spoken (7)| Occupation - National Occupational Classification (NOC) 2016 (691)| Highest Certificate| Diploma or Degree (15) and Immigrant Status and Period of Immigration (11) for the Population Aged 15 Years and Over Who Worked Since 2015| in Private Households of Canada| Provinces and Territories| Census Metropolitan Areas and Census Agglomerations| 2016 Census - 25% Sample Data,This table presents first official language spoken| occupation - National Occupational Classification (NOC) 2016| highest certificate| diploma or degree and immigrant status and period of immigration for…,https://www12.statcan.gc.ca/census-recensement/2016/dp-pd/dt-td/Rp-eng.cfm?APATH=3&DETAIL=0&DIM=0&FL=A&FREE=0&GC=0&GID=0&GK=0&GRP=1&LANG=E&PID=112141&PRID=10&PTYPE=109445&S=0&SHOWALL=0&SUB=0&THEME=132&Temporal=2016&VID=0&VNAMEE=&VNAMEF=
Occupation - National Occupational Classification (NOC) 2016 (693A)| Class of Worker (7A)| Labour Force Status (3)| Age (13A) and Sex (3) for the Labour Force Aged 15 Years and Over in Private Households of Canada| Provinces and Territories and Census Divisions| 2016 Census - 25% Sample Data,This table presents occupation - National Occupational Classification (NOC) 2016| class of worker| labour force status| age and sex for the  labour force aged 15 years and over in private households of…,https://www12.statcan.gc.ca/census-recensement/2016/dp-pd/dt-td/Rp-eng.cfm?APATH=3&DETAIL=0&DIM=0&FL=A&FREE=0&GC=0&GID=0&GK=0&GRP=1&LANG=E&PID=111850&PRID=10&PTYPE=109445&S=0&SHOWALL=0&SUB=0&THEME=124&Temporal=2016&VID=0&VNAMEE=&VNAMEF=
A day in the life: How do older Canadians spend their time? (75-006-X201800154947),This study uses the 2015 General Social Survey on Time Use to examine the time spent by Canadian seniors aged 65 and over on various activities. The paper focuses on three types of activities: unpaid household ...,https://www150.statcan.gc.ca/n1/pub/75-006-x/2018001/article/54947-eng.htm
Contest – My story in numbers,Canada 150 Telling Canada's story in numbers #ByTheNumbers Behind every number is a story| and we want to hear yours! ** Announcement of winners ** Statistics Canada and the Statistical Society of Canada…,https://www.statcan.gc.ca/en/canada150/contest
Canadian Business Counts| without employees| December 2017 (33-10-0038-01),Canadian business counts| location counts without employees| by North American Industry Classification System (NAICS)| Canada and provinces| December 2017.,https://www150.statcan.gc.ca/t1/tbl1/en/tv.action?pid=3310003801
Canadian Business Counts| with employees| December 2017 (33-10-0037-01),Canadian business counts| location counts with employees| by employment size ranges and North American Industry Classification System (NAICS)| Canada and provinces| December 2017.,https://www150.statcan.gc.ca/t1/tbl1/en/tv.action?pid=3310003701
Occupation - National Occupational Classification (NOC) 2016 (693A)| Highest Certificate| Diploma or Degree (15)| Labour Force Status (3)| Age (13A) and Sex (3) for the Labour Force Aged 15 Years and Over in Private Households of Canada| Provinces and Territories| Census Metropolitan Areas and Census Agglomerations| 2016 Census - 25% Sample Data,This table presents occupation - National Occupational Classification (NOC) 2016| highest certificate| diploma or degree| labour force status| age and sex for the labour force aged 15 years and over in…,https://www12.statcan.gc.ca/census-recensement/2016/dp-pd/dt-td/Rp-eng.cfm?APATH=3&DETAIL=0&DIM=0&FL=A&FREE=0&GC=0&GID=0&GK=0&GRP=1&LANG=E&PID=110696&PRID=10&PTYPE=109445&S=0&SHOWALL=0&SUB=0&THEME=124&Temporal=2016&VID=0&VNAMEE=&VNAMEF=
Major Field of Study - Classification of Instructional Programs (CIP) 2016 (432)| Labour Force Status (8)| Highest Certificate| Diploma or Degree (15)| Age (9) and Sex (3) for the Population Aged 15 Years and Over in Private Households of Canada| Provinces and Territories and Economic Regions| 2016 Census - 25% Sample Data,This table presents major field of study - Classification of Instructional Programs (CIP) 2016| labour force status| highest certificate| diploma or degree| age and sex for the population aged 15 years…,https://www12.statcan.gc.ca/census-recensement/2016/dp-pd/dt-td/Rp-eng.cfm?APATH=3&DETAIL=0&DIM=0&FL=A&FREE=0&GC=0&GID=0&GK=0&GRP=1&LANG=E&PID=110456&PRID=10&PTYPE=109445&S=0&SHOWALL=0&SUB=0&THEME=123&Temporal=2016&VID=0&VNAMEE=&VNAMEF=
Occupation - National Occupational Classification (NOC) 2016 (693A)| Major Field of Study - Classification of Instructional Programs (CIP) 2016 (82)| Highest Certificate| Diploma or Degree (11)| Age (9) and Sex (3) for the Population Aged 15 Years and Over| in Private Households of Canada| Provinces and Territories| 2016 Census - 25% Sample Data,This table presents occupation - National Occupational Classification (NOC) 2016| major field of study - Classification of Instructional Programs (CIP) 2016| highest certificate| diploma or degree| age…,https://www12.statcan.gc.ca/census-recensement/2016/dp-pd/dt-td/Rp-eng.cfm?APATH=3&DETAIL=0&DIM=0&FL=A&FREE=0&GC=0&GID=0&GK=0&GRP=1&LANG=E&PID=110694&PRID=10&PTYPE=109445&S=0&SHOWALL=0&SUB=0&THEME=124&Temporal=2016&VID=0&VNAMEE=&VNAMEF=
Federal| provincial and territorial government expenditures on culture| by culture activity (37-10-0068-01),This table contains 3045 series| with data for years 2003/2004 - 2009/2010 (not all combinations necessarily have data for all years). This table contains data described by the following dimensions (Not ...,https://www150.statcan.gc.ca/t1/tbl1/en/tv.action?pid=3710006801
Canadian Business Counts| without employees| June 2017 (33-10-0035-01),Canadian business counts| location counts without employees| by North American Industry Classification System (NAICS)| Canada and provinces| June 2017.,https://www150.statcan.gc.ca/t1/tbl1/en/tv.action?pid=3310003501
Canadian Business Counts| with employees| June 2017 (33-10-0034-01),Canadian business counts| location counts with employees| by employment size ranges and North American Industry Classification System (NAICS)| Canada and provinces| June 2017.,https://www150.statcan.gc.ca/t1/tbl1/en/tv.action?pid=3310003401
Chapter 8. International Accounts (13-606-G201600114623),An explanation of the structure and concepts of Canada’s balance of payments and international investment position accounts.,https://www150.statcan.gc.ca/n1/pub/13-606-g/2016001/article/14623-eng.htm
Canadian Business Counts| without employees| December 2016 (33-10-0083-01),Canadian business counts| location counts without employees| by North American Industry Classification System (NAICS)| Canada and provinces| December 2016.,https://www150.statcan.gc.ca/t1/tbl1/en/tv.action?pid=3310008301
Canadian Business Counts| with employees| December 2016 (33-10-0041-01),Canadian business counts| location counts with employees| by employment size ranges and North American Industry Classification System (NAICS)| Canada and provinces| December 2016.,https://www150.statcan.gc.ca/t1/tbl1/en/tv.action?pid=3310004101
Do Postsecondary Graduates Land High-skilled Jobs? (11F0019M2017388),This study examines the relationship between occupational skill requirements and educational attainment (the highest level completed and the field of study). Using the 2011 National Household Survey matched ...,https://www150.statcan.gc.ca/n1/pub/11f0019m/11f0019m2017388-eng.htm
Businesses by industry and employment| December 2011 (33-10-0025-01),Canadian business patterns| location counts| employment size ranges and North American Industry Classification System (NAICS) - national industries| for Canada and provinces (number)| semi-annual.,https://www150.statcan.gc.ca/t1/tbl1/en/tv.action?pid=3310002501
Canadian Business Counts| without employees| June 2016 (33-10-0082-01),Canadian business counts| location counts without employees| by North American Industry Classification System (NAICS)| Canada and provinces| June 2016.,https://www150.statcan.gc.ca/t1/tbl1/en/tv.action?pid=3310008201
Canadian Business Counts| with employees| June 2016 (33-10-0040-01),Canadian business counts| location counts with employees| by employment size ranges and North American Industry Classification System (NAICS)| Canada and provinces| June 2016.,https://www150.statcan.gc.ca/t1/tbl1/en/tv.action?pid=3310004001
Canadian Business Counts| with employees| December 2015 (33-10-0039-01),Canadian business counts| location counts with employees| by employment size ranges and North American Industry Classification System (NAICS)| Canada and provinces| December 2015.,https://www150.statcan.gc.ca/t1/tbl1/en/tv.action?pid=3310003901
Canadian Business Counts| without employees| December 2015 (33-10-0042-01),Canadian business counts| location counts without employees| by North American Industry Classification System (NAICS)| Canada and provinces| December 2015.,https://www150.statcan.gc.ca/t1/tbl1/en/tv.action?pid=3310004201
Provincial and Territorial Culture Satellite Account| 2010 (13-604-M2015079),The Provincial and Territorial Culture Satellite Account (PTCSA) measures the economic importance of culture and sport in terms of output| gross domestic product and employment across Canada for reference ...,https://www150.statcan.gc.ca/n1/pub/13-604-m/13-604-m2015079-eng.htm
Businesses by industry and employment| December 2013 (33-10-0029-01),Canadian business patterns| location counts| employment size ranges and North American Industry Classification System (NAICS) - national industries| for Canada and provinces (number)| semi-annual.,https://www150.statcan.gc.ca/t1/tbl1/en/tv.action?pid=3310002901
Businesses by industry and employment| June 2012 (33-10-0026-01),Canadian business patterns| location counts| employment size ranges and North American Industry Classification System (NAICS) - national industries| for Canada and provinces (number)| semi-annual.,https://www150.statcan.gc.ca/t1/tbl1/en/tv.action?pid=3310002601
Businesses by industry and employment| December 2012 (33-10-0027-01),Canadian business patterns| location counts| employment size ranges and North American Industry Classification System (NAICS) - national industries| for Canada and provinces (number)| semi-annual.,https://www150.statcan.gc.ca/t1/tbl1/en/tv.action?pid=3310002701
Businesses by industry and employment| June 2013 (33-10-0028-01),Canadian business patterns| location counts| employment size ranges and North American Industry Classification System (NAICS) - national industries| for Canada and provinces (number)| semi-annual.,https://www150.statcan.gc.ca/t1/tbl1/en/tv.action?pid=3310002801
Businesses by industry| Canada| December 2014 (33-10-0024-01),Canadian business patterns| location counts without employees| by employment size and North American Industry Classification System (NAICS)| Canada and provinces (number)| semi-annual.,https://www150.statcan.gc.ca/t1/tbl1/en/tv.action?pid=3310002401
Businesses by industry and employment| December 2014 (33-10-0023-01),Canadian business patterns| location counts with employees| by employment size and North American Industry Classification System (NAICS)| Canada and provinces (number)| semi-annual.,https://www150.statcan.gc.ca/t1/tbl1/en/tv.action?pid=3310002301
Businesses by industry and employment| June 2014 (33-10-0030-01),Canadian business patterns| location counts| employment size ranges and North American Industry Classification System (NAICS)| for Canada and provinces (number)| semi-annual.,https://www150.statcan.gc.ca/t1/tbl1/en/tv.action?pid=3310003001
Businesses by industry| Canada| June 2015 (33-10-0032-01),Canadian business counts location counts without employees| by employment size and North American Industry Classification System (NAICS)| Canada and provinces (number)| semi-annual.,https://www150.statcan.gc.ca/t1/tbl1/en/tv.action?pid=3310003201
Businesses by industry and employment| June 2015 (33-10-0031-01),Canadian business counts| location counts with employees| by employment size and North American Industry Classification System (NAICS)| Canada and provinces (number)| semi-annual.,https://www150.statcan.gc.ca/t1/tbl1/en/tv.action?pid=3310003101
Household spending| three territories and selected metropolitan areas (11-10-0126-01),Survey of Household Spending (SHS)| average household spending| three territories and selected metropolitan areas.,https://www150.statcan.gc.ca/t1/tbl1/en/tv.action?pid=1110012601
Surveys and statistical programs - Survey of Service Industries: Motion Picture Theatres (THEA),This survey collects the financial and operating data needed to develop national and regional economic policies and programs.,http://www23.statcan.gc.ca/imdb/p2SV.pl?Function=getSurvey&SDDS=2416
Surveys and statistical programs - Canada's International Transactions in Services,This statistical program records Canada's annual exports (also referred to as sales or receipts) and imports (also referred to as purchases or payments) of services by type of service rendered and by partner…,http://www23.statcan.gc.ca/imdb/p2SV.pl?Function=getSurvey&SDDS=1536
Surveys and statistical programs - Culture Services Trade,This derived survey is conducted to provide information and analysis on Canada's international trade in culture services.,http://www23.statcan.gc.ca/imdb/p2SV.pl?Function=getSurvey&SDDS=5045
Surveys and statistical programs - Survey of Provincial/Territorial Government Expenditures on Culture,This survey is conducted in order to gain a better understanding of provincial and territorial government expenditures on culture in Canada.,http://www23.statcan.gc.ca/imdb/p2SV.pl?Function=getSurvey&SDDS=3116
Surveys and statistical programs - Survey of Federal Government Expenditures on Culture,This survey is conducted in order to gain a better understanding of the federal government expenditures on culture in Canada.,http://www23.statcan.gc.ca/imdb/p2SV.pl?Function=getSurvey&SDDS=3117
Surveys and statistical programs - Culture Trade - Goods,This derived survey is conducted to provide information and analysis on Canada's international trade in culture goods.,http://www23.statcan.gc.ca/imdb/p2SV.pl?Function=getSurvey&SDDS=5088
Amusement and Recreational Industries (63C0006),Data since 1984 on theatrical and other staged entertainment services| motion picture theatres| film| video and audio-visual production| laboratories and distribution| golf clubs| race tracks| marinas ...,https://www150.statcan.gc.ca/n1/en/catalogue/63C0006
